year,grade,exam_family,month,external_post_id,source_content_key,source_subject_key,raw_subject_label,canonical_code,mapping_status,source_resource_key,resource_type,source_label,post_url,source_url,file_url,link_kind,link_status,published_at,source_updated_at,feed_updated_at,is_active
2024,3,national_mock,3,1614,main,국어,국어,korean,provisional,rWdDN/btsF9EpIVCS,question,2024_3월_국어 문제.pdf,https://legendstudy.com/1614,https://blog.kakaocdn.net/dna/rWdDN/btsF9EpIVCS/x/2024_3월_국어 문제.pdf,,unknown,unchecked,2024-03-28,2024-03-28,2024-03-28,False
2024,3,national_mock,3,1614,main,국어,국어,korean,provisional,mXkyj/btsGcM0oYxN,answer_explanation,"2024_3월_국어 정답,해설.pdf",https://legendstudy.com/1614,"https://blog.kakaocdn.net/dna/mXkyj/btsGcM0oYxN/x/2024_3월_국어 정답,해설.pdf",,unknown,unchecked,2024-03-28,2024-03-28,2024-03-28,False
2024,3,national_mock,3,1614,main,수학,수학,math,provisional,D2DR1/btsGbWJdiND,question,2024_3월_수학 문제.pdf,https://legendstudy.com/1614,https://blog.kakaocdn.net/dna/D2DR1/btsGbWJdiND/x/2024_3월_수학 문제.pdf,,unknown,unchecked,2024-03-28,2024-03-28,2024-03-28,False
2024,3,national_mock,3,1614,main,수학,수학,math,provisional,6jgH2/btsGcqDgS2e,answer_explanation,"2024_3월_수학 정답,해설.pdf",https://legendstudy.com/1614,"https://blog.kakaocdn.net/dna/6jgH2/btsGcqDgS2e/x/2024_3월_수학 정답,해설.pdf",,unknown,unchecked,2024-03-28,2024-03-28,2024-03-28,False
2024,3,national_mock,3,1614,main,영어,영어,english,provisional,b4emNO/btsGbaVu4sT,question,2024_3월_영어 문제.pdf,https://legendstudy.com/1614,https://blog.kakaocdn.net/dna/b4emNO/btsGbaVu4sT/x/2024_3월_영어 문제.pdf,,unknown,unchecked,2024-03-28,2024-03-28,2024-03-28,False
2024,3,national_mock,3,1614,main,영어,영어,english,provisional,brAhew/btsF9CSV4zW,answer_explanation,"2024_3월_영어 정답,해설.pdf",https://legendstudy.com/1614,"https://blog.kakaocdn.net/dna/brAhew/btsF9CSV4zW/x/2024_3월_영어 정답,해설.pdf",,unknown,unchecked,2024-03-28,2024-03-28,2024-03-28,False
2024,3,national_mock,3,1614,main,한국사,한국사,korean_history,provisional,bzu9kd/btsGbHFv0f3,question,2024_3월_한국사 문제.pdf,https://legendstudy.com/1614,https://blog.kakaocdn.net/dna/bzu9kd/btsGbHFv0f3/x/2024_3월_한국사 문제.pdf,,unknown,unchecked,2024-03-28,2024-03-28,2024-03-28,False
2024,3,national_mock,3,1614,main,한국사,한국사,korean_history,provisional,csC1Zg/btsGcpRTEBk,answer_explanation,"2024_3월_한국사 정답,해설.pdf",https://legendstudy.com/1614,"https://blog.kakaocdn.net/dna/csC1Zg/btsGcpRTEBk/x/2024_3월_한국사 정답,해설.pdf",,unknown,unchecked,2024-03-28,2024-03-28,2024-03-28,False
2024,3,national_mock,3,1614,main,물리학1,물리학1,physics_1,provisional,dxzOep/btsGadFa4Y1,question,2024_3월_과_물리학1 문제.pdf,https://legendstudy.com/1614,https://blog.kakaocdn.net/dna/dxzOep/btsGadFa4Y1/x/2024_3월_과_물리학1 문제.pdf,,unknown,unchecked,2024-03-28,2024-03-28,2024-03-28,False
2024,3,national_mock,3,1614,main,물리학1,물리학1,physics_1,provisional,O9J42/btsGbH6CCTx,answer_explanation,"2024_3월_과_물리학1 정답,해설.pdf",https://legendstudy.com/1614,"https://blog.kakaocdn.net/dna/O9J42/btsGbH6CCTx/x/2024_3월_과_물리학1 정답,해설.pdf",,unknown,unchecked,2024-03-28,2024-03-28,2024-03-28,False
2024,3,national_mock,3,1614,main,생명과학1,생명과학1,life_science_1,provisional,9OfAh/btsF89jfYEx,question,2024_3월_과_생명과학1 문제.pdf,https://legendstudy.com/1614,https://blog.kakaocdn.net/dna/9OfAh/btsF89jfYEx/x/2024_3월_과_생명과학1 문제.pdf,,unknown,unchecked,2024-03-28,2024-03-28,2024-03-28,False
2024,3,national_mock,3,1614,main,생명과학1,생명과학1,life_science_1,provisional,cNKQdI/btsGaXBZy08,answer_explanation,"2024_3월_과_생명과학1 정답,해설.pdf",https://legendstudy.com/1614,"https://blog.kakaocdn.net/dna/cNKQdI/btsGaXBZy08/x/2024_3월_과_생명과학1 정답,해설.pdf",,unknown,unchecked,2024-03-28,2024-03-28,2024-03-28,False
2024,3,national_mock,3,1614,main,지구과학1,지구과학1,earth_science_1,provisional,buYMT3/btsGaX2YnaN,question,2024_3월_과_지구과학1 문제.pdf,https://legendstudy.com/1614,https://blog.kakaocdn.net/dna/buYMT3/btsGaX2YnaN/x/2024_3월_과_지구과학1 문제.pdf,,unknown,unchecked,2024-03-28,2024-03-28,2024-03-28,False
2024,3,national_mock,3,1614,main,지구과학1,지구과학1,earth_science_1,provisional,BAi9M/btsGbTThNvM,answer_explanation,"2024_3월_과_지구과학1 정답,해설.pdf",https://legendstudy.com/1614,"https://blog.kakaocdn.net/dna/BAi9M/btsGbTThNvM/x/2024_3월_과_지구과학1 정답,해설.pdf",,unknown,unchecked,2024-03-28,2024-03-28,2024-03-28,False
2024,3,national_mock,3,1614,main,화학1,화학1,chemistry_1,provisional,bmfTQQ/btsGcs8WSX0,question,2024_3월_과_화학1 문제.pdf,https://legendstudy.com/1614,https://blog.kakaocdn.net/dna/bmfTQQ/btsGcs8WSX0/x/2024_3월_과_화학1 문제.pdf,,unknown,unchecked,2024-03-28,2024-03-28,2024-03-28,False
2024,3,national_mock,3,1614,main,화학1,화학1,chemistry_1,provisional,tekAh/btsGaD4Fa3L,answer_explanation,"2024_3월_과_화학1 정답,해설.pdf",https://legendstudy.com/1614,"https://blog.kakaocdn.net/dna/tekAh/btsGaD4Fa3L/x/2024_3월_과_화학1 정답,해설.pdf",,unknown,unchecked,2024-03-28,2024-03-28,2024-03-28,False
2024,3,national_mock,3,1614,main,경제,경제,economics,provisional,L4Iaq/btsGbSNCrj6,question,2024_3월_사_경제 문제.pdf,https://legendstudy.com/1614,https://blog.kakaocdn.net/dna/L4Iaq/btsGbSNCrj6/x/2024_3월_사_경제 문제.pdf,,unknown,unchecked,2024-03-28,2024-03-28,2024-03-28,False
2024,3,national_mock,3,1614,main,경제,경제,economics,provisional,TeF1O/btsGbTlryX9,answer_explanation,"2024_3월_사_경제 정답,해설.pdf",https://legendstudy.com/1614,"https://blog.kakaocdn.net/dna/TeF1O/btsGbTlryX9/x/2024_3월_사_경제 정답,해설.pdf",,unknown,unchecked,2024-03-28,2024-03-28,2024-03-28,False
2024,3,national_mock,3,1614,main,동아시아사,동아시아사,east_asian_history,provisional,urip2/btsGbFt9RCm,question,2024_3월_사_동아시아사 문제.pdf,https://legendstudy.com/1614,https://blog.kakaocdn.net/dna/urip2/btsGbFt9RCm/x/2024_3월_사_동아시아사 문제.pdf,,unknown,unchecked,2024-03-28,2024-03-28,2024-03-28,False
2024,3,national_mock,3,1614,main,동아시아사,동아시아사,east_asian_history,provisional,nwLOH/btsGcMsyzuJ,answer_explanation,"2024_3월_사_동아시아사 정답,해설.pdf",https://legendstudy.com/1614,"https://blog.kakaocdn.net/dna/nwLOH/btsGcMsyzuJ/x/2024_3월_사_동아시아사 정답,해설.pdf",,unknown,unchecked,2024-03-28,2024-03-28,2024-03-28,False
2024,3,national_mock,3,1614,main,사회문화,사회문화,society_culture,provisional,tD3z1/btsGcf2RJMC,question,2024_3월_사_사회문화 문제.pdf,https://legendstudy.com/1614,https://blog.kakaocdn.net/dna/tD3z1/btsGcf2RJMC/x/2024_3월_사_사회문화 문제.pdf,,unknown,unchecked,2024-03-28,2024-03-28,2024-03-28,False
2024,3,national_mock,3,1614,main,사회문화,사회문화,society_culture,provisional,bfe9bH/btsF9dFTnwG,answer_explanation,"2024_3월_사_사회문화 정답,해설.pdf",https://legendstudy.com/1614,"https://blog.kakaocdn.net/dna/bfe9bH/btsF9dFTnwG/x/2024_3월_사_사회문화 정답,해설.pdf",,unknown,unchecked,2024-03-28,2024-03-28,2024-03-28,False
2024,3,national_mock,3,1614,main,생활과윤리,생활과윤리,life_ethics,provisional,0tevc/btsF9wSL036,question,2024_3월_사_생활과윤리 문제.pdf,https://legendstudy.com/1614,https://blog.kakaocdn.net/dna/0tevc/btsF9wSL036/x/2024_3월_사_생활과윤리 문제.pdf,,unknown,unchecked,2024-03-28,2024-03-28,2024-03-28,False
2024,3,national_mock,3,1614,main,생활과윤리,생활과윤리,life_ethics,provisional,y2Lxn/btsF9GVdjwh,answer_explanation,"2024_3월_사_생활과윤리 정답,해설.pdf",https://legendstudy.com/1614,"https://blog.kakaocdn.net/dna/y2Lxn/btsF9GVdjwh/x/2024_3월_사_생활과윤리 정답,해설.pdf",,unknown,unchecked,2024-03-28,2024-03-28,2024-03-28,False
2024,3,national_mock,3,1614,main,세계사,세계사,world_history,provisional,9D1Xt/btsGaEbqDfB,question,2024_3월_사_세계사 문제.pdf,https://legendstudy.com/1614,https://blog.kakaocdn.net/dna/9D1Xt/btsGaEbqDfB/x/2024_3월_사_세계사 문제.pdf,,unknown,unchecked,2024-03-28,2024-03-28,2024-03-28,False
2024,3,national_mock,3,1614,main,세계사,세계사,world_history,provisional,bGboxS/btsGaCSdrIk,answer_explanation,"2024_3월_사_세계사 정답,해설.pdf",https://legendstudy.com/1614,"https://blog.kakaocdn.net/dna/bGboxS/btsGaCSdrIk/x/2024_3월_사_세계사 정답,해설.pdf",,unknown,unchecked,2024-03-28,2024-03-28,2024-03-28,False
2024,3,national_mock,3,1614,main,세계지리,세계지리,world_geography,provisional,TCkvL/btsGaxjb5A1,question,2024_3월_사_세계지리 문제.pdf,https://legendstudy.com/1614,https://blog.kakaocdn.net/dna/TCkvL/btsGaxjb5A1/x/2024_3월_사_세계지리 문제.pdf,,unknown,unchecked,2024-03-28,2024-03-28,2024-03-28,False
2024,3,national_mock,3,1614,main,세계지리,세계지리,world_geography,provisional,bvx42u/btsF9EpIZ30,answer_explanation,"2024_3월_사_세계지리 정답,해설.pdf",https://legendstudy.com/1614,"https://blog.kakaocdn.net/dna/bvx42u/btsF9EpIZ30/x/2024_3월_사_세계지리 정답,해설.pdf",,unknown,unchecked,2024-03-28,2024-03-28,2024-03-28,False
2024,3,national_mock,3,1614,main,윤리와사상,윤리와사상,ethics_thought,provisional,by3QVT/btsF92XZ3yH,question,2024_3월_사_윤리와사상 문제.pdf,https://legendstudy.com/1614,https://blog.kakaocdn.net/dna/by3QVT/btsF92XZ3yH/x/2024_3월_사_윤리와사상 문제.pdf,,unknown,unchecked,2024-03-28,2024-03-28,2024-03-28,False
2024,3,national_mock,3,1614,main,윤리와사상,윤리와사상,ethics_thought,provisional,wQDLr/btsGcOjBS4m,answer_explanation,"2024_3월_사_윤리와사상 정답,해설.pdf",https://legendstudy.com/1614,"https://blog.kakaocdn.net/dna/wQDLr/btsGcOjBS4m/x/2024_3월_사_윤리와사상 정답,해설.pdf",,unknown,unchecked,2024-03-28,2024-03-28,2024-03-28,False
2024,3,national_mock,3,1614,main,정치와법,정치와법,politics_law,provisional,btFhgA/btsF9C6wzdO,question,2024_3월_사_정치와법 문제.pdf,https://legendstudy.com/1614,https://blog.kakaocdn.net/dna/btFhgA/btsF9C6wzdO/x/2024_3월_사_정치와법 문제.pdf,,unknown,unchecked,2024-03-28,2024-03-28,2024-03-28,False
2024,3,national_mock,3,1614,main,정치와법,정치와법,politics_law,provisional,3Mojq/btsGcPbKotW,answer_explanation,"2024_3월_사_정치와법 정답,해설.pdf",https://legendstudy.com/1614,"https://blog.kakaocdn.net/dna/3Mojq/btsGcPbKotW/x/2024_3월_사_정치와법 정답,해설.pdf",,unknown,unchecked,2024-03-28,2024-03-28,2024-03-28,False
2024,3,national_mock,3,1614,main,한국지리,한국지리,korean_geography,provisional,yOyZf/btsF9xjTlVc,question,2024_3월_사_한국지리 문제.pdf,https://legendstudy.com/1614,https://blog.kakaocdn.net/dna/yOyZf/btsF9xjTlVc/x/2024_3월_사_한국지리 문제.pdf,,unknown,unchecked,2024-03-28,2024-03-28,2024-03-28,False
2024,3,national_mock,3,1614,main,한국지리,한국지리,korean_geography,provisional,F0SJk/btsGbHFv3Hi,answer_explanation,"2024_3월_사_한국지리 정답,해설.pdf",https://legendstudy.com/1614,"https://blog.kakaocdn.net/dna/F0SJk/btsGbHFv3Hi/x/2024_3월_사_한국지리 정답,해설.pdf",,unknown,unchecked,2024-03-28,2024-03-28,2024-03-28,False
2024,3,national_mock,5,1617,main,국어,국어,korean,provisional,bUQZGg/btsHjVXtCAI,question,2024_5월_국어 문제.pdf,https://legendstudy.com/1617,https://blog.kakaocdn.net/dna/bUQZGg/btsHjVXtCAI/x/2024_5월_국어 문제.pdf,,unknown,unchecked,2024-05-09,2024-05-09,2024-05-09,False
2024,3,national_mock,5,1617,main,국어,국어,korean,provisional,bxSlDI/btsHlGkFKS4,answer_explanation,"2024_5월_국어 정답,해설.pdf",https://legendstudy.com/1617,"https://blog.kakaocdn.net/dna/bxSlDI/btsHlGkFKS4/x/2024_5월_국어 정답,해설.pdf",,unknown,unchecked,2024-05-09,2024-05-09,2024-05-09,False
2024,3,national_mock,5,1617,main,수학,수학,math,provisional,baABAB/btsHlxBvjjl,question,2024_5월_수학 문제.pdf,https://legendstudy.com/1617,https://blog.kakaocdn.net/dna/baABAB/btsHlxBvjjl/x/2024_5월_수학 문제.pdf,,unknown,unchecked,2024-05-09,2024-05-09,2024-05-09,False
2024,3,national_mock,5,1617,main,수학,수학,math,provisional,cYLqbK/btsHl8gVSBo,answer_explanation,"2024_5월_수학 정답,해설.pdf",https://legendstudy.com/1617,"https://blog.kakaocdn.net/dna/cYLqbK/btsHl8gVSBo/x/2024_5월_수학 정답,해설.pdf",,unknown,unchecked,2024-05-09,2024-05-09,2024-05-09,False
2024,3,national_mock,5,1617,main,영어,영어,english,provisional,xhPDJ/btsHjvLuePJ,question,2024_5월_영어 문제.pdf,https://legendstudy.com/1617,https://blog.kakaocdn.net/dna/xhPDJ/btsHjvLuePJ/x/2024_5월_영어 문제.pdf,,unknown,unchecked,2024-05-09,2024-05-09,2024-05-09,False
2024,3,national_mock,5,1617,main,영어,영어,english,provisional,1Ughi/btsHk0KIxhf,answer_explanation,"2024_5월_영어 정답,해설.pdf",https://legendstudy.com/1617,"https://blog.kakaocdn.net/dna/1Ughi/btsHk0KIxhf/x/2024_5월_영어 정답,해설.pdf",,unknown,unchecked,2024-05-09,2024-05-09,2024-05-09,False
2024,3,national_mock,5,1617,main,영어,영어,english,provisional,oc9qD/btsHknl7RgR,listening_script,2024_5월_영어 듣기대본.pdf,https://legendstudy.com/1617,https://blog.kakaocdn.net/dna/oc9qD/btsHknl7RgR/x/2024_5월_영어 듣기대본.pdf,,unknown,unchecked,2024-05-09,2024-05-09,2024-05-09,False
2024,3,national_mock,5,1617,main,한국사,한국사,korean_history,provisional,1gcmn/btsHjZ6CZa1,question,2024_5월_한국사 문제.pdf,https://legendstudy.com/1617,https://blog.kakaocdn.net/dna/1gcmn/btsHjZ6CZa1/x/2024_5월_한국사 문제.pdf,,unknown,unchecked,2024-05-09,2024-05-09,2024-05-09,False
2024,3,national_mock,5,1617,main,한국사,한국사,korean_history,provisional,zHnDX/btsHi5e9IAs,answer_explanation,"2024_5월_한국사 정답,해설.pdf",https://legendstudy.com/1617,"https://blog.kakaocdn.net/dna/zHnDX/btsHi5e9IAs/x/2024_5월_한국사 정답,해설.pdf",,unknown,unchecked,2024-05-09,2024-05-09,2024-05-09,False
2024,3,national_mock,5,1617,main,물리학1,물리학1,physics_1,provisional,SQy7B/btsHkkv9Y9y,question,2024_5월_과_물리학1 문제.pdf,https://legendstudy.com/1617,https://blog.kakaocdn.net/dna/SQy7B/btsHkkv9Y9y/x/2024_5월_과_물리학1 문제.pdf,,unknown,unchecked,2024-05-09,2024-05-09,2024-05-09,False
2024,3,national_mock,5,1617,main,물리학1,물리학1,physics_1,provisional,cfBHsA/btsHl46F9kM,answer_explanation,"2024_5월_과_물리학1 정답,해설.pdf",https://legendstudy.com/1617,"https://blog.kakaocdn.net/dna/cfBHsA/btsHl46F9kM/x/2024_5월_과_물리학1 정답,해설.pdf",,unknown,unchecked,2024-05-09,2024-05-09,2024-05-09,False
2024,3,national_mock,5,1617,main,물리학2,물리학2,physics_2,provisional,b1MNhV/btsHjZeuacv,question,2024_5월_과_물리학2 문제.pdf,https://legendstudy.com/1617,https://blog.kakaocdn.net/dna/b1MNhV/btsHjZeuacv/x/2024_5월_과_물리학2 문제.pdf,,unknown,unchecked,2024-05-09,2024-05-09,2024-05-09,False
2024,3,national_mock,5,1617,main,물리학2,물리학2,physics_2,provisional,udnBQ/btsHjvLufjo,answer_explanation,"2024_5월_과_물리학2 정답,해설.pdf",https://legendstudy.com/1617,"https://blog.kakaocdn.net/dna/udnBQ/btsHjvLufjo/x/2024_5월_과_물리학2 정답,해설.pdf",,unknown,unchecked,2024-05-09,2024-05-09,2024-05-09,False
2024,3,national_mock,5,1617,main,생명과학1,생명과학1,life_science_1,provisional,PuXAY/btsHk2BKNSS,question,2024_5월_과_생명과학1 문제.pdf,https://legendstudy.com/1617,https://blog.kakaocdn.net/dna/PuXAY/btsHk2BKNSS/x/2024_5월_과_생명과학1 문제.pdf,,unknown,unchecked,2024-05-09,2024-05-09,2024-05-09,False
2024,3,national_mock,5,1617,main,생명과학1,생명과학1,life_science_1,provisional,cRZc1k/btsHkYe4pOY,answer_explanation,"2024_5월_과_생명과학1 정답,해설.pdf",https://legendstudy.com/1617,"https://blog.kakaocdn.net/dna/cRZc1k/btsHkYe4pOY/x/2024_5월_과_생명과학1 정답,해설.pdf",,unknown,unchecked,2024-05-09,2024-05-09,2024-05-09,False
2024,3,national_mock,5,1617,main,생명과학2,생명과학2,life_science_2,provisional,yGWek/btsHlFswFjm,question,2024_5월_과_생명과학2 문제.pdf,https://legendstudy.com/1617,https://blog.kakaocdn.net/dna/yGWek/btsHlFswFjm/x/2024_5월_과_생명과학2 문제.pdf,,unknown,unchecked,2024-05-09,2024-05-09,2024-05-09,False
2024,3,national_mock,5,1617,main,생명과학2,생명과학2,life_science_2,provisional,sehd5/btsHkYzmQu1,answer_explanation,"2024_5월_과_생명과학2 정답,해설.pdf",https://legendstudy.com/1617,"https://blog.kakaocdn.net/dna/sehd5/btsHkYzmQu1/x/2024_5월_과_생명과학2 정답,해설.pdf",,unknown,unchecked,2024-05-09,2024-05-09,2024-05-09,False
2024,3,national_mock,5,1617,main,지구과학1,지구과학1,earth_science_1,provisional,bPcmGV/btsHjUK2GUn,question,2024_5월_과_지구과학1 문제.pdf,https://legendstudy.com/1617,https://blog.kakaocdn.net/dna/bPcmGV/btsHjUK2GUn/x/2024_5월_과_지구과학1 문제.pdf,,unknown,unchecked,2024-05-09,2024-05-09,2024-05-09,False
2024,3,national_mock,5,1617,main,지구과학1,지구과학1,earth_science_1,provisional,k2RZx/btsHlcdjGOm,answer_explanation,"2024_5월_과_지구과학1 정답,해설.pdf",https://legendstudy.com/1617,"https://blog.kakaocdn.net/dna/k2RZx/btsHlcdjGOm/x/2024_5월_과_지구과학1 정답,해설.pdf",,unknown,unchecked,2024-05-09,2024-05-09,2024-05-09,False
2024,3,national_mock,5,1617,main,지구과학2,지구과학2,earth_science_2,provisional,ZQQcb/btsHjdYzUgk,question,2024_5월_과_지구과학2 문제.pdf,https://legendstudy.com/1617,https://blog.kakaocdn.net/dna/ZQQcb/btsHjdYzUgk/x/2024_5월_과_지구과학2 문제.pdf,,unknown,unchecked,2024-05-09,2024-05-09,2024-05-09,False
2024,3,national_mock,5,1617,main,지구과학2,지구과학2,earth_science_2,provisional,sXAtb/btsHjtz6Vdq,answer_explanation,"2024_5월_과_지구과학2 정답,해설.pdf",https://legendstudy.com/1617,"https://blog.kakaocdn.net/dna/sXAtb/btsHjtz6Vdq/x/2024_5월_과_지구과학2 정답,해설.pdf",,unknown,unchecked,2024-05-09,2024-05-09,2024-05-09,False
2024,3,national_mock,5,1617,main,화학1,화학1,chemistry_1,provisional,lgaQO/btsHiGfEcoq,question,2024_5월_과_화학1 문제.pdf,https://legendstudy.com/1617,https://blog.kakaocdn.net/dna/lgaQO/btsHiGfEcoq/x/2024_5월_과_화학1 문제.pdf,,unknown,unchecked,2024-05-09,2024-05-09,2024-05-09,False
2024,3,national_mock,5,1617,main,화학1,화학1,chemistry_1,provisional,XVZde/btsHl2VkZx2,answer_explanation,"2024_5월_과_화학1 정답,해설.pdf",https://legendstudy.com/1617,"https://blog.kakaocdn.net/dna/XVZde/btsHl2VkZx2/x/2024_5월_과_화학1 정답,해설.pdf",,unknown,unchecked,2024-05-09,2024-05-09,2024-05-09,False
2024,3,national_mock,5,1617,main,화학2,화학2,chemistry_2,provisional,cVvWQ9/btsHlvKsE6i,question,2024_5월_과_화학2 문제.pdf,https://legendstudy.com/1617,https://blog.kakaocdn.net/dna/cVvWQ9/btsHlvKsE6i/x/2024_5월_과_화학2 문제.pdf,,unknown,unchecked,2024-05-09,2024-05-09,2024-05-09,False
2024,3,national_mock,5,1617,main,화학2,화학2,chemistry_2,provisional,cLZEdH/btsHkiLS6Nf,answer_explanation,"2024_5월_과_화학2 정답,해설.pdf",https://legendstudy.com/1617,"https://blog.kakaocdn.net/dna/cLZEdH/btsHkiLS6Nf/x/2024_5월_과_화학2 정답,해설.pdf",,unknown,unchecked,2024-05-09,2024-05-09,2024-05-09,False
2024,3,national_mock,5,1617,main,경제,경제,economics,provisional,csqbb6/btsHjwDBjzr,question,2024_5월_사_경제 문제.pdf,https://legendstudy.com/1617,https://blog.kakaocdn.net/dna/csqbb6/btsHjwDBjzr/x/2024_5월_사_경제 문제.pdf,,unknown,unchecked,2024-05-09,2024-05-09,2024-05-09,False
2024,3,national_mock,5,1617,main,경제,경제,economics,provisional,buxBmi/btsHigathxY,answer_explanation,"2024_5월_사_경제 정답,해설.pdf",https://legendstudy.com/1617,"https://blog.kakaocdn.net/dna/buxBmi/btsHigathxY/x/2024_5월_사_경제 정답,해설.pdf",,unknown,unchecked,2024-05-09,2024-05-09,2024-05-09,False
2024,3,national_mock,5,1617,main,동아시아사,동아시아사,east_asian_history,provisional,MOl9h/btsHitnjbnQ,question,2024_5월_사_동아시아사 문제.pdf,https://legendstudy.com/1617,https://blog.kakaocdn.net/dna/MOl9h/btsHitnjbnQ/x/2024_5월_사_동아시아사 문제.pdf,,unknown,unchecked,2024-05-09,2024-05-09,2024-05-09,False
2024,3,national_mock,5,1617,main,동아시아사,동아시아사,east_asian_history,provisional,dU3NuM/btsHldwxfxJ,answer_explanation,"2024_5월_사_동아시아사 정답,해설.pdf",https://legendstudy.com/1617,"https://blog.kakaocdn.net/dna/dU3NuM/btsHldwxfxJ/x/2024_5월_사_동아시아사 정답,해설.pdf",,unknown,unchecked,2024-05-09,2024-05-09,2024-05-09,False
2024,3,national_mock,5,1617,main,사회문화,사회문화,society_culture,provisional,bWbkTg/btsHicFRt9o,question,2024_5월_사_사회문화 문제.pdf,https://legendstudy.com/1617,https://blog.kakaocdn.net/dna/bWbkTg/btsHicFRt9o/x/2024_5월_사_사회문화 문제.pdf,,unknown,unchecked,2024-05-09,2024-05-09,2024-05-09,False
2024,3,national_mock,5,1617,main,사회문화,사회문화,society_culture,provisional,btrsHb/btsHlty4ukW,answer_explanation,"2024_5월_사_사회문화 정답,해설.pdf",https://legendstudy.com/1617,"https://blog.kakaocdn.net/dna/btrsHb/btsHlty4ukW/x/2024_5월_사_사회문화 정답,해설.pdf",,unknown,unchecked,2024-05-09,2024-05-09,2024-05-09,False
2024,3,national_mock,5,1617,main,생활과윤리,생활과윤리,life_ethics,provisional,bRe3RW/btsHkYlPps5,question,2024_5월_사_생활과윤리 문제.pdf,https://legendstudy.com/1617,https://blog.kakaocdn.net/dna/bRe3RW/btsHkYlPps5/x/2024_5월_사_생활과윤리 문제.pdf,,unknown,unchecked,2024-05-09,2024-05-09,2024-05-09,False
2024,3,national_mock,5,1617,main,생활과윤리,생활과윤리,life_ethics,provisional,cl70oG/btsHkf2HhEG,answer_explanation,"2024_5월_사_생활과윤리 정답,해설.pdf",https://legendstudy.com/1617,"https://blog.kakaocdn.net/dna/cl70oG/btsHkf2HhEG/x/2024_5월_사_생활과윤리 정답,해설.pdf",,unknown,unchecked,2024-05-09,2024-05-09,2024-05-09,False
2024,3,national_mock,5,1617,main,세계사,세계사,world_history,provisional,cndXL4/btsHie4OZH4,question,2024_5월_사_세계사 문제.pdf,https://legendstudy.com/1617,https://blog.kakaocdn.net/dna/cndXL4/btsHie4OZH4/x/2024_5월_사_세계사 문제.pdf,,unknown,unchecked,2024-05-09,2024-05-09,2024-05-09,False
2024,3,national_mock,5,1617,main,세계사,세계사,world_history,provisional,cwVPsF/btsHkZSzVMn,answer_explanation,"2024_5월_사_세계사 정답,해설.pdf",https://legendstudy.com/1617,"https://blog.kakaocdn.net/dna/cwVPsF/btsHkZSzVMn/x/2024_5월_사_세계사 정답,해설.pdf",,unknown,unchecked,2024-05-09,2024-05-09,2024-05-09,False
2024,3,national_mock,5,1617,main,세계지리,세계지리,world_geography,provisional,ogVlH/btsHlsUuxkb,question,2024_5월_사_세계지리 문제.pdf,https://legendstudy.com/1617,https://blog.kakaocdn.net/dna/ogVlH/btsHlsUuxkb/x/2024_5월_사_세계지리 문제.pdf,,unknown,unchecked,2024-05-09,2024-05-09,2024-05-09,False
2024,3,national_mock,5,1617,main,세계지리,세계지리,world_geography,provisional,CETsP/btsHirpvA3d,answer_explanation,"2024_5월_사_세계지리 정답,해설.pdf",https://legendstudy.com/1617,"https://blog.kakaocdn.net/dna/CETsP/btsHirpvA3d/x/2024_5월_사_세계지리 정답,해설.pdf",,unknown,unchecked,2024-05-09,2024-05-09,2024-05-09,False
2024,3,national_mock,5,1617,main,윤리와사상,윤리와사상,ethics_thought,provisional,cJFoqL/btsHkMeSTEZ,question,2024_5월_사_윤리와사상 문제.pdf,https://legendstudy.com/1617,https://blog.kakaocdn.net/dna/cJFoqL/btsHkMeSTEZ/x/2024_5월_사_윤리와사상 문제.pdf,,unknown,unchecked,2024-05-09,2024-05-09,2024-05-09,False
2024,3,national_mock,5,1617,main,윤리와사상,윤리와사상,ethics_thought,provisional,T0XdR/btsHi3IqLHh,answer_explanation,"2024_5월_사_윤리와사상 정답,해설.pdf",https://legendstudy.com/1617,"https://blog.kakaocdn.net/dna/T0XdR/btsHi3IqLHh/x/2024_5월_사_윤리와사상 정답,해설.pdf",,unknown,unchecked,2024-05-09,2024-05-09,2024-05-09,False
2024,3,national_mock,5,1617,main,정치와법,정치와법,politics_law,provisional,yIXSr/btsHkkv90fk,question,2024_5월_사_정치와법 문제.pdf,https://legendstudy.com/1617,https://blog.kakaocdn.net/dna/yIXSr/btsHkkv90fk/x/2024_5월_사_정치와법 문제.pdf,,unknown,unchecked,2024-05-09,2024-05-09,2024-05-09,False
2024,3,national_mock,5,1617,main,정치와법,정치와법,politics_law,provisional,bkXRFb/btsHlGdS42p,answer_explanation,"2024_5월_사_정치와법 정답,해설.pdf",https://legendstudy.com/1617,"https://blog.kakaocdn.net/dna/bkXRFb/btsHlGdS42p/x/2024_5월_사_정치와법 정답,해설.pdf",,unknown,unchecked,2024-05-09,2024-05-09,2024-05-09,False
2024,3,national_mock,5,1617,main,한국지리,한국지리,korean_geography,provisional,DFk6P/btsHk4zzhTC,question,2024_5월_사_한국지리 문제.pdf,https://legendstudy.com/1617,https://blog.kakaocdn.net/dna/DFk6P/btsHk4zzhTC/x/2024_5월_사_한국지리 문제.pdf,,unknown,unchecked,2024-05-09,2024-05-09,2024-05-09,False
2024,3,national_mock,5,1617,main,한국지리,한국지리,korean_geography,provisional,cqyqjp/btsHjXubZVT,answer_explanation,"2024_5월_사_한국지리 정답,해설.pdf",https://legendstudy.com/1617,"https://blog.kakaocdn.net/dna/cqyqjp/btsHjXubZVT/x/2024_5월_사_한국지리 정답,해설.pdf",,unknown,unchecked,2024-05-09,2024-05-09,2024-05-09,False
2024,3,evaluation_mock,6,1618,main,국어,국어,korean,provisional,BxJom/btsHZSTVam8,question,2025학년도 6월_국어 문제.pdf,https://legendstudy.com/1618,https://blog.kakaocdn.net/dna/BxJom/btsHZSTVam8/x/2025학년도 6월_국어 문제.pdf,,unknown,unchecked,2024-06-15,2024-06-15,2024-06-15,False
2024,3,evaluation_mock,6,1618,main,국어,국어,korean,provisional,ZQ4gQ/btsH0uLupDW,answer_explanation,"2025학년도 6월_국어 정답,해설.pdf",https://legendstudy.com/1618,"https://blog.kakaocdn.net/dna/ZQ4gQ/btsH0uLupDW/x/2025학년도 6월_국어 정답,해설.pdf",,unknown,unchecked,2024-06-15,2024-06-15,2024-06-15,False
2024,3,evaluation_mock,6,1618,main,수학,수학,math,provisional,cyiIBb/btsH1meM4jp,question,2025학년도 6월_수학 문제.pdf,https://legendstudy.com/1618,https://blog.kakaocdn.net/dna/cyiIBb/btsH1meM4jp/x/2025학년도 6월_수학 문제.pdf,,unknown,unchecked,2024-06-15,2024-06-15,2024-06-15,False
2024,3,evaluation_mock,6,1618,main,수학,수학,math,provisional,T3B5m/btsH0vRdiDm,answer_explanation,"2025학년도 6월_수학 정답,해설.pdf",https://legendstudy.com/1618,"https://blog.kakaocdn.net/dna/T3B5m/btsH0vRdiDm/x/2025학년도 6월_수학 정답,해설.pdf",,unknown,unchecked,2024-06-15,2024-06-15,2024-06-15,False
2024,3,evaluation_mock,6,1618,main,영어,영어,english,provisional,ozpt7/btsHZUqFEoL,question,2025학년도 6월_영어 문제.pdf,https://legendstudy.com/1618,https://blog.kakaocdn.net/dna/ozpt7/btsHZUqFEoL/x/2025학년도 6월_영어 문제.pdf,,unknown,unchecked,2024-06-15,2024-06-15,2024-06-15,False
2024,3,evaluation_mock,6,1618,main,영어,영어,english,provisional,bvRsno/btsHZ8WmPDM,answer_explanation,"2025학년도 6월_영어 정답,해설.pdf",https://legendstudy.com/1618,"https://blog.kakaocdn.net/dna/bvRsno/btsHZ8WmPDM/x/2025학년도 6월_영어 정답,해설.pdf",,unknown,unchecked,2024-06-15,2024-06-15,2024-06-15,False
2024,3,evaluation_mock,6,1618,main,영어,영어,english,provisional,cxtbna/btsH0UXl0KM,listening_script,2025학년도 6월_영어 듣기대본.pdf,https://legendstudy.com/1618,https://blog.kakaocdn.net/dna/cxtbna/btsH0UXl0KM/x/2025학년도 6월_영어 듣기대본.pdf,,unknown,unchecked,2024-06-15,2024-06-15,2024-06-15,False
2024,3,evaluation_mock,6,1618,main,한국사,한국사,korean_history,provisional,HAV3w/btsHZ65r1am,question,2025학년도 6월_한국사 문제.pdf,https://legendstudy.com/1618,https://blog.kakaocdn.net/dna/HAV3w/btsHZ65r1am/x/2025학년도 6월_한국사 문제.pdf,,unknown,unchecked,2024-06-15,2024-06-15,2024-06-15,False
2024,3,evaluation_mock,6,1618,main,한국사,한국사,korean_history,provisional,bVCfwT/btsHZVwmQxz,answer_explanation,"2025학년도 6월_한국사 정답,해설.pdf",https://legendstudy.com/1618,"https://blog.kakaocdn.net/dna/bVCfwT/btsHZVwmQxz/x/2025학년도 6월_한국사 정답,해설.pdf",,unknown,unchecked,2024-06-15,2024-06-15,2024-06-15,False
2024,3,evaluation_mock,6,1618,main,경제,경제,economics,provisional,dDizfb/btsH01WpdRP,question,2025학년도 6월 s_경제 문제.pdf,https://legendstudy.com/1618,https://blog.kakaocdn.net/dna/dDizfb/btsH01WpdRP/x/2025학년도 6월 s_경제 문제.pdf,,unknown,unchecked,2024-06-15,2024-06-15,2024-06-15,False
2024,3,evaluation_mock,6,1618,main,경제,경제,economics,provisional,bfFdJU/btsH0vKp6Co,answer_explanation,"2025학년도 6월 s_경제 정답,해설.pdf",https://legendstudy.com/1618,"https://blog.kakaocdn.net/dna/bfFdJU/btsH0vKp6Co/x/2025학년도 6월 s_경제 정답,해설.pdf",,unknown,unchecked,2024-06-15,2024-06-15,2024-06-15,False
2024,3,evaluation_mock,6,1618,main,동아시아사,동아시아사,east_asian_history,provisional,nR1yk/btsH0L7kKqU,question,2025학년도 6월 s_동아시아사 문제.pdf,https://legendstudy.com/1618,https://blog.kakaocdn.net/dna/nR1yk/btsH0L7kKqU/x/2025학년도 6월 s_동아시아사 문제.pdf,,unknown,unchecked,2024-06-15,2024-06-15,2024-06-15,False
2024,3,evaluation_mock,6,1618,main,동아시아사,동아시아사,east_asian_history,provisional,75w8C/btsH0jXK5uv,answer_explanation,"2025학년도 6월 s_동아시아사 정답,해설.pdf",https://legendstudy.com/1618,"https://blog.kakaocdn.net/dna/75w8C/btsH0jXK5uv/x/2025학년도 6월 s_동아시아사 정답,해설.pdf",,unknown,unchecked,2024-06-15,2024-06-15,2024-06-15,False
2024,3,evaluation_mock,6,1618,main,사회문화,사회문화,society_culture,provisional,blwDJ9/btsHZtGWSf5,question,2025학년도 6월 s_사회문화 문제.pdf,https://legendstudy.com/1618,https://blog.kakaocdn.net/dna/blwDJ9/btsHZtGWSf5/x/2025학년도 6월 s_사회문화 문제.pdf,,unknown,unchecked,2024-06-15,2024-06-15,2024-06-15,False
2024,3,evaluation_mock,6,1618,main,사회문화,사회문화,society_culture,provisional,xKFaQ/btsH0uY1ANJ,answer_explanation,"2025학년도 6월 s_사회문화 정답,해설.pdf",https://legendstudy.com/1618,"https://blog.kakaocdn.net/dna/xKFaQ/btsH0uY1ANJ/x/2025학년도 6월 s_사회문화 정답,해설.pdf",,unknown,unchecked,2024-06-15,2024-06-15,2024-06-15,False
2024,3,evaluation_mock,6,1618,main,,,,NULL_UNSCOPED_REVIEW,bnFT44/btsH0beuXoe,answer_explanation,"2025학년도 6월 s_생화활과윤리 정답,해설.pdf",https://legendstudy.com/1618,"https://blog.kakaocdn.net/dna/bnFT44/btsH0beuXoe/x/2025학년도 6월 s_생화활과윤리 정답,해설.pdf",,unknown,unchecked,2024-06-15,2024-06-15,2024-06-15,False
2024,3,evaluation_mock,6,1618,main,생활과윤리,생활과윤리,life_ethics,provisional,7hOKZ/btsH1DtW933,question,2025학년도 6월 s_생활과윤리 문제.pdf,https://legendstudy.com/1618,https://blog.kakaocdn.net/dna/7hOKZ/btsH1DtW933/x/2025학년도 6월 s_생활과윤리 문제.pdf,,unknown,unchecked,2024-06-15,2024-06-15,2024-06-15,False
2024,3,evaluation_mock,6,1618,main,세계사,세계사,world_history,provisional,ljLVf/btsH1nLyOWU,question,2025학년도 6월 s_세계사 문제.pdf,https://legendstudy.com/1618,https://blog.kakaocdn.net/dna/ljLVf/btsH1nLyOWU/x/2025학년도 6월 s_세계사 문제.pdf,,unknown,unchecked,2024-06-15,2024-06-15,2024-06-15,False
2024,3,evaluation_mock,6,1618,main,세계사,세계사,world_history,provisional,cq4FxY/btsH1NDdIWS,answer_explanation,"2025학년도 6월 s_세계사 정답,해설.pdf",https://legendstudy.com/1618,"https://blog.kakaocdn.net/dna/cq4FxY/btsH1NDdIWS/x/2025학년도 6월 s_세계사 정답,해설.pdf",,unknown,unchecked,2024-06-15,2024-06-15,2024-06-15,False
2024,3,evaluation_mock,6,1618,main,세계지리,세계지리,world_geography,provisional,bgoqRh/btsH0oLqbDp,question,2025학년도 6월 s_세계지리 문제.pdf,https://legendstudy.com/1618,https://blog.kakaocdn.net/dna/bgoqRh/btsH0oLqbDp/x/2025학년도 6월 s_세계지리 문제.pdf,,unknown,unchecked,2024-06-15,2024-06-15,2024-06-15,False
2024,3,evaluation_mock,6,1618,main,세계지리,세계지리,world_geography,provisional,eLB3CS/btsH1E0HaHy,answer_explanation,"2025학년도 6월 s_세계지리 정답,해설.pdf",https://legendstudy.com/1618,"https://blog.kakaocdn.net/dna/eLB3CS/btsH1E0HaHy/x/2025학년도 6월 s_세계지리 정답,해설.pdf",,unknown,unchecked,2024-06-15,2024-06-15,2024-06-15,False
2024,3,evaluation_mock,6,1618,main,윤리와사상,윤리와사상,ethics_thought,provisional,b3tg3Z/btsHZL1HZD1,question,2025학년도 6월 s_윤리와사상 문제.pdf,https://legendstudy.com/1618,https://blog.kakaocdn.net/dna/b3tg3Z/btsHZL1HZD1/x/2025학년도 6월 s_윤리와사상 문제.pdf,,unknown,unchecked,2024-06-15,2024-06-15,2024-06-15,False
2024,3,evaluation_mock,6,1618,main,윤리와사상,윤리와사상,ethics_thought,provisional,dEPVXc/btsH0CWW4u4,answer_explanation,"2025학년도 6월 s_윤리와사상 정답,해설.pdf",https://legendstudy.com/1618,"https://blog.kakaocdn.net/dna/dEPVXc/btsH0CWW4u4/x/2025학년도 6월 s_윤리와사상 정답,해설.pdf",,unknown,unchecked,2024-06-15,2024-06-15,2024-06-15,False
2024,3,evaluation_mock,6,1618,main,정치와법,정치와법,politics_law,provisional,uI4D6/btsH1aySDfG,question,2025학년도 6월 s_정치와법 문제.pdf,https://legendstudy.com/1618,https://blog.kakaocdn.net/dna/uI4D6/btsH1aySDfG/x/2025학년도 6월 s_정치와법 문제.pdf,,unknown,unchecked,2024-06-15,2024-06-15,2024-06-15,False
2024,3,evaluation_mock,6,1618,main,정치와법,정치와법,politics_law,provisional,bFvu8w/btsH1lUuh4t,answer_explanation,"2025학년도 6월 s_정치와법 정답,해설.pdf",https://legendstudy.com/1618,"https://blog.kakaocdn.net/dna/bFvu8w/btsH1lUuh4t/x/2025학년도 6월 s_정치와법 정답,해설.pdf",,unknown,unchecked,2024-06-15,2024-06-15,2024-06-15,False
2024,3,evaluation_mock,6,1618,main,한국지리,한국지리,korean_geography,provisional,GNPLQ/btsHZ9OxByu,question,2025학년도 6월 s_한국지리 문제.pdf,https://legendstudy.com/1618,https://blog.kakaocdn.net/dna/GNPLQ/btsHZ9OxByu/x/2025학년도 6월 s_한국지리 문제.pdf,,unknown,unchecked,2024-06-15,2024-06-15,2024-06-15,False
2024,3,evaluation_mock,6,1618,main,한국지리,한국지리,korean_geography,provisional,bmtFM6/btsH1NDdIZf,answer_explanation,"2025학년도 6월 s_한국지리 정답,해설.pdf",https://legendstudy.com/1618,"https://blog.kakaocdn.net/dna/bmtFM6/btsH1NDdIZf/x/2025학년도 6월 s_한국지리 정답,해설.pdf",,unknown,unchecked,2024-06-15,2024-06-15,2024-06-15,False
2024,3,evaluation_mock,6,1618,main,물리학1,물리학1,physics_1,provisional,bor6ez/btsH1Lek336,question,2025학년도 6월 k_물리학1 문제.pdf,https://legendstudy.com/1618,https://blog.kakaocdn.net/dna/bor6ez/btsH1Lek336/x/2025학년도 6월 k_물리학1 문제.pdf,,unknown,unchecked,2024-06-15,2024-06-15,2024-06-15,False
2024,3,evaluation_mock,6,1618,main,물리학1,물리학1,physics_1,provisional,p8B3P/btsH1CV7iyH,answer_explanation,"2025학년도 6월 k_물리학1 정답,해설.pdf",https://legendstudy.com/1618,"https://blog.kakaocdn.net/dna/p8B3P/btsH1CV7iyH/x/2025학년도 6월 k_물리학1 정답,해설.pdf",,unknown,unchecked,2024-06-15,2024-06-15,2024-06-15,False
2024,3,evaluation_mock,6,1618,main,물리학2,물리학2,physics_2,provisional,beHOUL/btsH1FZBVhV,question,2025학년도 6월 k_물리학2 문제.pdf,https://legendstudy.com/1618,https://blog.kakaocdn.net/dna/beHOUL/btsH1FZBVhV/x/2025학년도 6월 k_물리학2 문제.pdf,,unknown,unchecked,2024-06-15,2024-06-15,2024-06-15,False
2024,3,evaluation_mock,6,1618,main,물리학2,물리학2,physics_2,provisional,bzUcbb/btsH1hYZbyI,answer_explanation,"2025학년도 6월 k_물리학2 정답,해설.pdf",https://legendstudy.com/1618,"https://blog.kakaocdn.net/dna/bzUcbb/btsH1hYZbyI/x/2025학년도 6월 k_물리학2 정답,해설.pdf",,unknown,unchecked,2024-06-15,2024-06-15,2024-06-15,False
2024,3,evaluation_mock,6,1618,main,생명과학1,생명과학1,life_science_1,provisional,bWPeoJ/btsH0vjouMP,question,2025학년도 6월 k_생명과학1 문제.pdf,https://legendstudy.com/1618,https://blog.kakaocdn.net/dna/bWPeoJ/btsH0vjouMP/x/2025학년도 6월 k_생명과학1 문제.pdf,,unknown,unchecked,2024-06-15,2024-06-15,2024-06-15,False
2024,3,evaluation_mock,6,1618,main,생명과학1,생명과학1,life_science_1,provisional,cuxhL0/btsH0j4xbdg,answer_explanation,"2025학년도 6월 k_생명과학1 정답,해설.pdf",https://legendstudy.com/1618,"https://blog.kakaocdn.net/dna/cuxhL0/btsH0j4xbdg/x/2025학년도 6월 k_생명과학1 정답,해설.pdf",,unknown,unchecked,2024-06-15,2024-06-15,2024-06-15,False
2024,3,evaluation_mock,6,1618,main,생명과학2,생명과학2,life_science_2,provisional,PsgD0/btsH0wCy31B,question,2025학년도 6월 k_생명과학2 문제.pdf,https://legendstudy.com/1618,https://blog.kakaocdn.net/dna/PsgD0/btsH0wCy31B/x/2025학년도 6월 k_생명과학2 문제.pdf,,unknown,unchecked,2024-06-15,2024-06-15,2024-06-15,False
2024,3,evaluation_mock,6,1618,main,생명과학2,생명과학2,life_science_2,provisional,HDcic/btsH0YlachK,answer_explanation,"2025학년도 6월 k_생명과학2 정답,해설.pdf",https://legendstudy.com/1618,"https://blog.kakaocdn.net/dna/HDcic/btsH0YlachK/x/2025학년도 6월 k_생명과학2 정답,해설.pdf",,unknown,unchecked,2024-06-15,2024-06-15,2024-06-15,False
2024,3,evaluation_mock,6,1618,main,지구과학1,지구과학1,earth_science_1,provisional,XMzeB/btsH1gZ3oKJ,question,2025학년도 6월 k_지구과학1 문제.pdf,https://legendstudy.com/1618,https://blog.kakaocdn.net/dna/XMzeB/btsH1gZ3oKJ/x/2025학년도 6월 k_지구과학1 문제.pdf,,unknown,unchecked,2024-06-15,2024-06-15,2024-06-15,False
2024,3,evaluation_mock,6,1618,main,지구과학1,지구과학1,earth_science_1,provisional,C7SEN/btsH1oDF0al,answer_explanation,"2025학년도 6월 k_지구과학1 정답,해설.pdf",https://legendstudy.com/1618,"https://blog.kakaocdn.net/dna/C7SEN/btsH1oDF0al/x/2025학년도 6월 k_지구과학1 정답,해설.pdf",,unknown,unchecked,2024-06-15,2024-06-15,2024-06-15,False
2024,3,evaluation_mock,6,1618,main,지구과학2,지구과학2,earth_science_2,provisional,s9LsQ/btsHZ9HMB0v,question,2025학년도 6월 k_지구과학2 문제.pdf,https://legendstudy.com/1618,https://blog.kakaocdn.net/dna/s9LsQ/btsHZ9HMB0v/x/2025학년도 6월 k_지구과학2 문제.pdf,,unknown,unchecked,2024-06-15,2024-06-15,2024-06-15,False
2024,3,evaluation_mock,6,1618,main,지구과학2,지구과학2,earth_science_2,provisional,m3ga5/btsH0zTrkmj,answer_explanation,"2025학년도 6월 k_지구과학2 정답,해설.pdf",https://legendstudy.com/1618,"https://blog.kakaocdn.net/dna/m3ga5/btsH0zTrkmj/x/2025학년도 6월 k_지구과학2 정답,해설.pdf",,unknown,unchecked,2024-06-15,2024-06-15,2024-06-15,False
2024,3,evaluation_mock,6,1618,main,화학1,화학1,chemistry_1,provisional,o2VQZ/btsH0l8YW9X,question,2025학년도 6월 k_화학1 문제.pdf,https://legendstudy.com/1618,https://blog.kakaocdn.net/dna/o2VQZ/btsH0l8YW9X/x/2025학년도 6월 k_화학1 문제.pdf,,unknown,unchecked,2024-06-15,2024-06-15,2024-06-15,False
2024,3,evaluation_mock,6,1618,main,화학1,화학1,chemistry_1,provisional,vBSWO/btsH1ENaQ8C,answer_explanation,"2025학년도 6월 k_화학1 정답,해설.pdf",https://legendstudy.com/1618,"https://blog.kakaocdn.net/dna/vBSWO/btsH1ENaQ8C/x/2025학년도 6월 k_화학1 정답,해설.pdf",,unknown,unchecked,2024-06-15,2024-06-15,2024-06-15,False
2024,3,evaluation_mock,6,1618,main,화학2,화학2,chemistry_2,provisional,cdXu4J/btsHZ8IZaXM,question,2025학년도 6월 k_화학2 문제.pdf,https://legendstudy.com/1618,https://blog.kakaocdn.net/dna/cdXu4J/btsHZ8IZaXM/x/2025학년도 6월 k_화학2 문제.pdf,,unknown,unchecked,2024-06-15,2024-06-15,2024-06-15,False
2024,3,evaluation_mock,6,1618,main,화학2,화학2,chemistry_2,provisional,ezgsuo/btsH09msuR4,answer_explanation,"2025학년도 6월 k_화학2 정답,해설.pdf",https://legendstudy.com/1618,"https://blog.kakaocdn.net/dna/ezgsuo/btsH09msuR4/x/2025학년도 6월 k_화학2 정답,해설.pdf",,unknown,unchecked,2024-06-15,2024-06-15,2024-06-15,False
2024,3,national_mock,7,1621,main,국어,국어,korean,provisional,cPDzp2/btsIKAxwxmG,question,2024_7월_고3_국어 문제.pdf,https://legendstudy.com/1621,https://blog.kakaocdn.net/dna/cPDzp2/btsIKAxwxmG/x/2024_7월_고3_국어 문제.pdf,,unknown,unchecked,2024-07-24,2024-07-24,2024-07-24,False
2024,3,national_mock,7,1621,main,국어,국어,korean,provisional,cnSiOv/btsIIZLV3B7,answer_explanation,"2024_7월_고3_국어 정답,해설.pdf",https://legendstudy.com/1621,"https://blog.kakaocdn.net/dna/cnSiOv/btsIIZLV3B7/x/2024_7월_고3_국어 정답,해설.pdf",,unknown,unchecked,2024-07-24,2024-07-24,2024-07-24,False
2024,3,national_mock,7,1621,main,수학,수학,math,provisional,bIBBLu/btsILf7mz3m,question,2024_7월_고3_수학 문제.pdf,https://legendstudy.com/1621,https://blog.kakaocdn.net/dna/bIBBLu/btsILf7mz3m/x/2024_7월_고3_수학 문제.pdf,,unknown,unchecked,2024-07-24,2024-07-24,2024-07-24,False
2024,3,national_mock,7,1621,main,수학,수학,math,provisional,PdJg7/btsIJYezF63,answer_explanation,"2024_7월_고3_수학 정답,해설.pdf",https://legendstudy.com/1621,"https://blog.kakaocdn.net/dna/PdJg7/btsIJYezF63/x/2024_7월_고3_수학 정답,해설.pdf",,unknown,unchecked,2024-07-24,2024-07-24,2024-07-24,False
2024,3,national_mock,7,1621,main,영어,영어,english,provisional,AQZRc/btsIKB4iALE,question,2024_7월_고3_영어 문제.pdf,https://legendstudy.com/1621,https://blog.kakaocdn.net/dna/AQZRc/btsIKB4iALE/x/2024_7월_고3_영어 문제.pdf,,unknown,unchecked,2024-07-24,2024-07-24,2024-07-24,False
2024,3,national_mock,7,1621,main,영어,영어,english,provisional,cdjYkW/btsIKFlaQtg,answer_explanation,"2024_7월_고3_영어 정답,해설.pdf",https://legendstudy.com/1621,"https://blog.kakaocdn.net/dna/cdjYkW/btsIKFlaQtg/x/2024_7월_고3_영어 정답,해설.pdf",,unknown,unchecked,2024-07-24,2024-07-24,2024-07-24,False
2024,3,national_mock,7,1621,main,한국사,한국사,korean_history,provisional,bzwZDw/btsIN0POOvw,question,2024_7월_고3_한국사 문제.pdf,https://legendstudy.com/1621,https://blog.kakaocdn.net/dna/bzwZDw/btsIN0POOvw/x/2024_7월_고3_한국사 문제.pdf,,unknown,unchecked,2024-07-24,2024-07-24,2024-07-24,False
2024,3,national_mock,7,1621,main,한국사,한국사,korean_history,provisional,bq1HKi/btsILSDVNzH,answer_explanation,"2024_7월_고3_한국사 정답,해설.pdf",https://legendstudy.com/1621,"https://blog.kakaocdn.net/dna/bq1HKi/btsILSDVNzH/x/2024_7월_고3_한국사 정답,해설.pdf",,unknown,unchecked,2024-07-24,2024-07-24,2024-07-24,False
2024,3,national_mock,7,1621,main,물리학1,물리학1,physics_1,provisional,b7zuBM/btsILq1ZbNM,question,2024_7월_고3_k_물리학1 문제.pdf,https://legendstudy.com/1621,https://blog.kakaocdn.net/dna/b7zuBM/btsILq1ZbNM/x/2024_7월_고3_k_물리학1 문제.pdf,,unknown,unchecked,2024-07-24,2024-07-24,2024-07-24,False
2024,3,national_mock,7,1621,main,물리학1,물리학1,physics_1,provisional,cGf763/btsILU9Bi9B,answer_explanation,"2024_7월_고3_k_물리학1 정답,해설.pdf",https://legendstudy.com/1621,"https://blog.kakaocdn.net/dna/cGf763/btsILU9Bi9B/x/2024_7월_고3_k_물리학1 정답,해설.pdf",,unknown,unchecked,2024-07-24,2024-07-24,2024-07-24,False
2024,3,national_mock,7,1621,main,물리학2,물리학2,physics_2,provisional,ptxMo/btsIKVOW98m,question,2024_7월_고3_k_물리학2 문제.pdf,https://legendstudy.com/1621,https://blog.kakaocdn.net/dna/ptxMo/btsIKVOW98m/x/2024_7월_고3_k_물리학2 문제.pdf,,unknown,unchecked,2024-07-24,2024-07-24,2024-07-24,False
2024,3,national_mock,7,1621,main,물리학2,물리학2,physics_2,provisional,5jSpP/btsILQ7bB8t,answer_explanation,"2024_7월_고3_k_물리학2 정답,해설.pdf",https://legendstudy.com/1621,"https://blog.kakaocdn.net/dna/5jSpP/btsILQ7bB8t/x/2024_7월_고3_k_물리학2 정답,해설.pdf",,unknown,unchecked,2024-07-24,2024-07-24,2024-07-24,False
2024,3,national_mock,7,1621,main,생명과학1,생명과학1,life_science_1,provisional,be91Wv/btsILHbsD5q,question,2024_7월_고3_k_생명과학1 문제.pdf,https://legendstudy.com/1621,https://blog.kakaocdn.net/dna/be91Wv/btsILHbsD5q/x/2024_7월_고3_k_생명과학1 문제.pdf,,unknown,unchecked,2024-07-24,2024-07-24,2024-07-24,False
2024,3,national_mock,7,1621,main,생명과학1,생명과학1,life_science_1,provisional,sleej/btsILU2QlCx,answer_explanation,"2024_7월_고3_k_생명과학1 정답,해설.pdf",https://legendstudy.com/1621,"https://blog.kakaocdn.net/dna/sleej/btsILU2QlCx/x/2024_7월_고3_k_생명과학1 정답,해설.pdf",,unknown,unchecked,2024-07-24,2024-07-24,2024-07-24,False
2024,3,national_mock,7,1621,main,생명과학2,생명과학2,life_science_2,provisional,FElMy/btsIKM5FRj6,question,2024_7월_고3_k_생명과학2 문제.pdf,https://legendstudy.com/1621,https://blog.kakaocdn.net/dna/FElMy/btsIKM5FRj6/x/2024_7월_고3_k_생명과학2 문제.pdf,,unknown,unchecked,2024-07-24,2024-07-24,2024-07-24,False
2024,3,national_mock,7,1621,main,생명과학2,생명과학2,life_science_2,provisional,bbhgIb/btsILjomrRJ,answer_explanation,"2024_7월_고3_k_생명과학2 정답,해설.pdf",https://legendstudy.com/1621,"https://blog.kakaocdn.net/dna/bbhgIb/btsILjomrRJ/x/2024_7월_고3_k_생명과학2 정답,해설.pdf",,unknown,unchecked,2024-07-24,2024-07-24,2024-07-24,False
2024,3,national_mock,7,1621,main,지구과학1,지구과학1,earth_science_1,provisional,DKAY9/btsIKA5lAZV,question,2024_7월_고3_k_지구과학1 문제.pdf,https://legendstudy.com/1621,https://blog.kakaocdn.net/dna/DKAY9/btsIKA5lAZV/x/2024_7월_고3_k_지구과학1 문제.pdf,,unknown,unchecked,2024-07-24,2024-07-24,2024-07-24,False
2024,3,national_mock,7,1621,main,지구과학1,지구과학1,earth_science_1,provisional,NjT3s/btsILs6y6cD,answer_explanation,"2024_7월_고3_k_지구과학1 정답,해설.pdf",https://legendstudy.com/1621,"https://blog.kakaocdn.net/dna/NjT3s/btsILs6y6cD/x/2024_7월_고3_k_지구과학1 정답,해설.pdf",,unknown,unchecked,2024-07-24,2024-07-24,2024-07-24,False
2024,3,national_mock,7,1621,main,지구과학2,지구과학2,earth_science_2,provisional,mGcrB/btsIK0o3ya5,question,2024_7월_고3_k_지구과학2 문제.pdf,https://legendstudy.com/1621,https://blog.kakaocdn.net/dna/mGcrB/btsIK0o3ya5/x/2024_7월_고3_k_지구과학2 문제.pdf,,unknown,unchecked,2024-07-24,2024-07-24,2024-07-24,False
2024,3,national_mock,7,1621,main,지구과학2,지구과학2,earth_science_2,provisional,bx7VLZ/btsILkOkHzt,answer_explanation,"2024_7월_고3_k_지구과학2 정답,해설.pdf",https://legendstudy.com/1621,"https://blog.kakaocdn.net/dna/bx7VLZ/btsILkOkHzt/x/2024_7월_고3_k_지구과학2 정답,해설.pdf",,unknown,unchecked,2024-07-24,2024-07-24,2024-07-24,False
2024,3,national_mock,7,1621,main,화학1,화학1,chemistry_1,provisional,PzJkA/btsII1psg0e,question,2024_7월_고3_k_화학1 문제.pdf,https://legendstudy.com/1621,https://blog.kakaocdn.net/dna/PzJkA/btsII1psg0e/x/2024_7월_고3_k_화학1 문제.pdf,,unknown,unchecked,2024-07-24,2024-07-24,2024-07-24,False
2024,3,national_mock,7,1621,main,화학1,화학1,chemistry_1,provisional,kHXqh/btsIIYTMNBR,answer_explanation,"2024_7월_고3_k_화학1 정답,해설.pdf",https://legendstudy.com/1621,"https://blog.kakaocdn.net/dna/kHXqh/btsIIYTMNBR/x/2024_7월_고3_k_화학1 정답,해설.pdf",,unknown,unchecked,2024-07-24,2024-07-24,2024-07-24,False
2024,3,national_mock,7,1621,main,화학2,화학2,chemistry_2,provisional,bL2rZU/btsILiXhLq4,question,2024_7월_고3_k_화학2 문제.pdf,https://legendstudy.com/1621,https://blog.kakaocdn.net/dna/bL2rZU/btsILiXhLq4/x/2024_7월_고3_k_화학2 문제.pdf,,unknown,unchecked,2024-07-24,2024-07-24,2024-07-24,False
2024,3,national_mock,7,1621,main,화학2,화학2,chemistry_2,provisional,bN7xUX/btsILUhsWJP,answer_explanation,"2024_7월_고3_k_화학2 정답,해설.pdf",https://legendstudy.com/1621,"https://blog.kakaocdn.net/dna/bN7xUX/btsILUhsWJP/x/2024_7월_고3_k_화학2 정답,해설.pdf",,unknown,unchecked,2024-07-24,2024-07-24,2024-07-24,False
2024,3,national_mock,7,1621,main,경제,경제,economics,provisional,sAsxF/btsILUhsX9D,question,2024_7월_고3_s_경제 문제.pdf,https://legendstudy.com/1621,https://blog.kakaocdn.net/dna/sAsxF/btsILUhsX9D/x/2024_7월_고3_s_경제 문제.pdf,,unknown,unchecked,2024-07-24,2024-07-24,2024-07-24,False
2024,3,national_mock,7,1621,main,경제,경제,economics,provisional,nuVwt/btsIKJOECQQ,answer_explanation,"2024_7월_고3_s_경제 정답,해설.pdf",https://legendstudy.com/1621,"https://blog.kakaocdn.net/dna/nuVwt/btsIKJOECQQ/x/2024_7월_고3_s_경제 정답,해설.pdf",,unknown,unchecked,2024-07-24,2024-07-24,2024-07-24,False
2024,3,national_mock,7,1621,main,동아시아사,동아시아사,east_asian_history,provisional,dupAhm/btsIIX8pFBa,question,2024_7월_고3_s_동아시아사 문제.pdf,https://legendstudy.com/1621,https://blog.kakaocdn.net/dna/dupAhm/btsIIX8pFBa/x/2024_7월_고3_s_동아시아사 문제.pdf,,unknown,unchecked,2024-07-24,2024-07-24,2024-07-24,False
2024,3,national_mock,7,1621,main,동아시아사,동아시아사,east_asian_history,provisional,bx0wFu/btsIJ97QJnk,answer_explanation,"2024_7월_고3_s_동아시아사 정답,해설.pdf",https://legendstudy.com/1621,"https://blog.kakaocdn.net/dna/bx0wFu/btsIJ97QJnk/x/2024_7월_고3_s_동아시아사 정답,해설.pdf",,unknown,unchecked,2024-07-24,2024-07-24,2024-07-24,False
2024,3,national_mock,7,1621,main,사회문화,사회문화,society_culture,provisional,7MlLb/btsIK5Kygt0,question,2024_7월_고3_s_사회문화 문제.pdf,https://legendstudy.com/1621,https://blog.kakaocdn.net/dna/7MlLb/btsIK5Kygt0/x/2024_7월_고3_s_사회문화 문제.pdf,,unknown,unchecked,2024-07-24,2024-07-24,2024-07-24,False
2024,3,national_mock,7,1621,main,사회문화,사회문화,society_culture,provisional,bAlTj7/btsIKDnr9YK,answer_explanation,"2024_7월_고3_s_사회문화 정답,해설.pdf",https://legendstudy.com/1621,"https://blog.kakaocdn.net/dna/bAlTj7/btsIKDnr9YK/x/2024_7월_고3_s_사회문화 정답,해설.pdf",,unknown,unchecked,2024-07-24,2024-07-24,2024-07-24,False
2024,3,national_mock,7,1621,main,생활과윤리,생활과윤리,life_ethics,provisional,bhbVaG/btsIKL6LnAy,question,2024_7월_고3_s_생활과윤리 문제.pdf,https://legendstudy.com/1621,https://blog.kakaocdn.net/dna/bhbVaG/btsIKL6LnAy/x/2024_7월_고3_s_생활과윤리 문제.pdf,,unknown,unchecked,2024-07-24,2024-07-24,2024-07-24,False
2024,3,national_mock,7,1621,main,생활과윤리,생활과윤리,life_ethics,provisional,bdN8im/btsIKSEHVR2,answer_explanation,"2024_7월_고3_s_생활과윤리 정답,해설.pdf",https://legendstudy.com/1621,"https://blog.kakaocdn.net/dna/bdN8im/btsIKSEHVR2/x/2024_7월_고3_s_생활과윤리 정답,해설.pdf",,unknown,unchecked,2024-07-24,2024-07-24,2024-07-24,False
2024,3,national_mock,7,1621,main,세계사,세계사,world_history,provisional,bWK4Zp/btsILkgvDE8,question,2024_7월_고3_s_세계사 문제.pdf,https://legendstudy.com/1621,https://blog.kakaocdn.net/dna/bWK4Zp/btsILkgvDE8/x/2024_7월_고3_s_세계사 문제.pdf,,unknown,unchecked,2024-07-24,2024-07-24,2024-07-24,False
2024,3,national_mock,7,1621,main,세계사,세계사,world_history,provisional,O2bh7/btsIL9r2RGj,answer_explanation,"2024_7월_고3_s_세계사 정답,해설.pdf",https://legendstudy.com/1621,"https://blog.kakaocdn.net/dna/O2bh7/btsIL9r2RGj/x/2024_7월_고3_s_세계사 정답,해설.pdf",,unknown,unchecked,2024-07-24,2024-07-24,2024-07-24,False
2024,3,national_mock,7,1621,main,세계지리,세계지리,world_geography,provisional,dP1pk0/btsIJFsFFr4,question,2024_7월_고3_s_세계지리 문제.pdf,https://legendstudy.com/1621,https://blog.kakaocdn.net/dna/dP1pk0/btsIJFsFFr4/x/2024_7월_고3_s_세계지리 문제.pdf,,unknown,unchecked,2024-07-24,2024-07-24,2024-07-24,False
2024,3,national_mock,7,1621,main,세계지리,세계지리,world_geography,provisional,l7wDn/btsILhxj1e5,answer_explanation,"2024_7월_고3_s_세계지리 정답,해설.pdf",https://legendstudy.com/1621,"https://blog.kakaocdn.net/dna/l7wDn/btsILhxj1e5/x/2024_7월_고3_s_세계지리 정답,해설.pdf",,unknown,unchecked,2024-07-24,2024-07-24,2024-07-24,False
2024,3,national_mock,7,1621,main,윤리와사상,윤리와사상,ethics_thought,provisional,AH0i6/btsIJIQAsxt,question,2024_7월_고3_s_윤리와사상 문제.pdf,https://legendstudy.com/1621,https://blog.kakaocdn.net/dna/AH0i6/btsIJIQAsxt/x/2024_7월_고3_s_윤리와사상 문제.pdf,,unknown,unchecked,2024-07-24,2024-07-24,2024-07-24,False
2024,3,national_mock,7,1621,main,윤리와사상,윤리와사상,ethics_thought,provisional,YMK4P/btsIJXGJHKT,answer_explanation,"2024_7월_고3_s_윤리와사상 정답,해설.pdf",https://legendstudy.com/1621,"https://blog.kakaocdn.net/dna/YMK4P/btsIJXGJHKT/x/2024_7월_고3_s_윤리와사상 정답,해설.pdf",,unknown,unchecked,2024-07-24,2024-07-24,2024-07-24,False
2024,3,national_mock,7,1621,main,정치와법,정치와법,politics_law,provisional,bbqis1/btsIJZYN4Vd,question,2024_7월_고3_s_정치와법 문제.pdf,https://legendstudy.com/1621,https://blog.kakaocdn.net/dna/bbqis1/btsIJZYN4Vd/x/2024_7월_고3_s_정치와법 문제.pdf,,unknown,unchecked,2024-07-24,2024-07-24,2024-07-24,False
2024,3,national_mock,7,1621,main,정치와법,정치와법,politics_law,provisional,bIKyBY/btsIIX1Cljy,answer_explanation,"2024_7월_고3_s_정치와법 정답,해설.pdf",https://legendstudy.com/1621,"https://blog.kakaocdn.net/dna/bIKyBY/btsIIX1Cljy/x/2024_7월_고3_s_정치와법 정답,해설.pdf",,unknown,unchecked,2024-07-24,2024-07-24,2024-07-24,False
2024,3,national_mock,7,1621,main,한국지리,한국지리,korean_geography,provisional,ctjmDm/btsILkANWJk,question,2024_7월_고3_s_한국지리 문제.pdf,https://legendstudy.com/1621,https://blog.kakaocdn.net/dna/ctjmDm/btsILkANWJk/x/2024_7월_고3_s_한국지리 문제.pdf,,unknown,unchecked,2024-07-24,2024-07-24,2024-07-24,False
2024,3,national_mock,7,1621,main,한국지리,한국지리,korean_geography,provisional,uBtkh/btsIMadoXXF,answer_explanation,"2024_7월_고3_s_한국지리 정답,해설.pdf",https://legendstudy.com/1621,"https://blog.kakaocdn.net/dna/uBtkh/btsIMadoXXF/x/2024_7월_고3_s_한국지리 정답,해설.pdf",,unknown,unchecked,2024-07-24,2024-07-24,2024-07-24,False
2024,3,evaluation_mock,9,1634,main,국어(화작),국어(화작),korean,provisional,nwTBf/btsJt2gzHTA,question,25학년도 9월 모평_국어(화작) 문제.pdf,https://legendstudy.com/1634,https://blog.kakaocdn.net/dna/nwTBf/btsJt2gzHTA/x/25학년도 9월 모평_국어(화작) 문제.pdf,,unknown,unchecked,2024-09-07,2024-09-07,2024-09-07,False
2024,3,evaluation_mock,9,1634,main,국어(언매),국어(언매),korean,provisional,bE2taB/btsJvYwJBqM,question,25학년도 9월 모평_국어(언매) 문제.pdf,https://legendstudy.com/1634,https://blog.kakaocdn.net/dna/bE2taB/btsJvYwJBqM/x/25학년도 9월 모평_국어(언매) 문제.pdf,,unknown,unchecked,2024-09-07,2024-09-07,2024-09-07,False
2024,3,evaluation_mock,9,1634,main,국어,국어,korean,provisional,bCaloP/btsJuA4CJpx,answer_explanation,"25학년도 9월 모평_국어 정답,해설.pdf",https://legendstudy.com/1634,"https://blog.kakaocdn.net/dna/bCaloP/btsJuA4CJpx/x/25학년도 9월 모평_국어 정답,해설.pdf",,unknown,unchecked,2024-09-07,2024-09-07,2024-09-07,False
2024,3,evaluation_mock,9,1634,main,수학(기하),수학(기하),math,provisional,bZ7DdO/btsJvobllII,question,25학년도 9월 모평_수학(기하) 문제.pdf,https://legendstudy.com/1634,https://blog.kakaocdn.net/dna/bZ7DdO/btsJvobllII/x/25학년도 9월 모평_수학(기하) 문제.pdf,,unknown,unchecked,2024-09-07,2024-09-07,2024-09-07,False
2024,3,evaluation_mock,9,1634,main,수학(미적),수학(미적),math,provisional,bBwcjj/btsJvnpWHqr,question,25학년도 9월 모평_수학(미적) 문제.pdf,https://legendstudy.com/1634,https://blog.kakaocdn.net/dna/bBwcjj/btsJvnpWHqr/x/25학년도 9월 모평_수학(미적) 문제.pdf,,unknown,unchecked,2024-09-07,2024-09-07,2024-09-07,False
2024,3,evaluation_mock,9,1634,main,수학(확통),수학(확통),math,provisional,VToXH/btsJwdG85OB,question,25학년도 9월 모평_수학(확통) 문제.pdf,https://legendstudy.com/1634,https://blog.kakaocdn.net/dna/VToXH/btsJwdG85OB/x/25학년도 9월 모평_수학(확통) 문제.pdf,,unknown,unchecked,2024-09-07,2024-09-07,2024-09-07,False
2024,3,evaluation_mock,9,1634,main,수학,수학,math,provisional,bSDFHw/btsJt5RUwKi,answer_explanation,"25학년도 9월 모평_수학 정답,해설.pdf",https://legendstudy.com/1634,"https://blog.kakaocdn.net/dna/bSDFHw/btsJt5RUwKi/x/25학년도 9월 모평_수학 정답,해설.pdf",,unknown,unchecked,2024-09-07,2024-09-07,2024-09-07,False
2024,3,evaluation_mock,9,1634,main,영어,영어,english,provisional,JJsXj/btsJue8TFqZ,question,25학년도 9월 모평_영어 문제.pdf,https://legendstudy.com/1634,https://blog.kakaocdn.net/dna/JJsXj/btsJue8TFqZ/x/25학년도 9월 모평_영어 문제.pdf,,unknown,unchecked,2024-09-07,2024-09-07,2024-09-07,False
2024,3,evaluation_mock,9,1634,main,영어,영어,english,provisional,cE88ij/btsJvuo5zo9,answer_explanation,"25학년도 9월 모평_영어 정답,해설.pdf",https://legendstudy.com/1634,"https://blog.kakaocdn.net/dna/cE88ij/btsJvuo5zo9/x/25학년도 9월 모평_영어 정답,해설.pdf",,unknown,unchecked,2024-09-07,2024-09-07,2024-09-07,False
2024,3,evaluation_mock,9,1634,main,영어,영어,english,provisional,HJTaF/btsJusFROqS,listening_script,25학년도 9월 모평_영어 듣기대본.pdf,https://legendstudy.com/1634,https://blog.kakaocdn.net/dna/HJTaF/btsJusFROqS/x/25학년도 9월 모평_영어 듣기대본.pdf,,unknown,unchecked,2024-09-07,2024-09-07,2024-09-07,False
2024,3,evaluation_mock,9,1634,main,한국사,한국사,korean_history,provisional,YxsOj/btsJvwNZRYE,question,25학년도 9월 모평_한국사 문제.pdf,https://legendstudy.com/1634,https://blog.kakaocdn.net/dna/YxsOj/btsJvwNZRYE/x/25학년도 9월 모평_한국사 문제.pdf,,unknown,unchecked,2024-09-07,2024-09-07,2024-09-07,False
2024,3,evaluation_mock,9,1634,main,한국사,한국사,korean_history,provisional,l3F97/btsJurtmwwH,answer_explanation,"25학년도 9월 모평_한국사 정답,해설.pdf",https://legendstudy.com/1634,"https://blog.kakaocdn.net/dna/l3F97/btsJurtmwwH/x/25학년도 9월 모평_한국사 정답,해설.pdf",,unknown,unchecked,2024-09-07,2024-09-07,2024-09-07,False
2024,3,evaluation_mock,9,1634,main,물리학1,물리학1,physics_1,provisional,b4y4yE/btsJt5K92bZ,question,25학년도 9월 모평_과_물리학1 문제.pdf,https://legendstudy.com/1634,https://blog.kakaocdn.net/dna/b4y4yE/btsJt5K92bZ/x/25학년도 9월 모평_과_물리학1 문제.pdf,,unknown,unchecked,2024-09-07,2024-09-07,2024-09-07,False
2024,3,evaluation_mock,9,1634,main,물리학1,물리학1,physics_1,provisional,bkDbQO/btsJvwgb3p5,answer_explanation,"25학년도 9월 모평_과_물리학1 정답,해설.pdf",https://legendstudy.com/1634,"https://blog.kakaocdn.net/dna/bkDbQO/btsJvwgb3p5/x/25학년도 9월 모평_과_물리학1 정답,해설.pdf",,unknown,unchecked,2024-09-07,2024-09-07,2024-09-07,False
2024,3,evaluation_mock,9,1634,main,물리학2,물리학2,physics_2,provisional,cjIajc/btsJv95Rn0B,question,25학년도 9월 모평_과_물리학2 문제.pdf,https://legendstudy.com/1634,https://blog.kakaocdn.net/dna/cjIajc/btsJv95Rn0B/x/25학년도 9월 모평_과_물리학2 문제.pdf,,unknown,unchecked,2024-09-07,2024-09-07,2024-09-07,False
2024,3,evaluation_mock,9,1634,main,물리학2,물리학2,physics_2,provisional,cnlQhe/btsJuwuF84g,answer_explanation,"25학년도 9월 모평_과_물리학2 정답,해설.pdf",https://legendstudy.com/1634,"https://blog.kakaocdn.net/dna/cnlQhe/btsJuwuF84g/x/25학년도 9월 모평_과_물리학2 정답,해설.pdf",,unknown,unchecked,2024-09-07,2024-09-07,2024-09-07,False
2024,3,evaluation_mock,9,1634,main,생명과학1,생명과학1,life_science_1,provisional,u7iBe/btsJvxzoGQo,question,25학년도 9월 모평_과_생명과학1 문제.pdf,https://legendstudy.com/1634,https://blog.kakaocdn.net/dna/u7iBe/btsJvxzoGQo/x/25학년도 9월 모평_과_생명과학1 문제.pdf,,unknown,unchecked,2024-09-07,2024-09-07,2024-09-07,False
2024,3,evaluation_mock,9,1634,main,생명과학1,생명과학1,life_science_1,provisional,G4jae/btsJvREjQOK,answer_explanation,"25학년도 9월 모평_과_생명과학1 정답,해설.pdf",https://legendstudy.com/1634,"https://blog.kakaocdn.net/dna/G4jae/btsJvREjQOK/x/25학년도 9월 모평_과_생명과학1 정답,해설.pdf",,unknown,unchecked,2024-09-07,2024-09-07,2024-09-07,False
2024,3,evaluation_mock,9,1634,main,생명과학2,생명과학2,life_science_2,provisional,lv5Pp/btsJt7hSnM1,question,25학년도 9월 모평_과_생명과학2 문제.pdf,https://legendstudy.com/1634,https://blog.kakaocdn.net/dna/lv5Pp/btsJt7hSnM1/x/25학년도 9월 모평_과_생명과학2 문제.pdf,,unknown,unchecked,2024-09-07,2024-09-07,2024-09-07,False
2024,3,evaluation_mock,9,1634,main,생명과학2,생명과학2,life_science_2,provisional,bEYPSA/btsJt9sZvwP,answer_explanation,"25학년도 9월 모평_과_생명과학2 정답,해설.pdf",https://legendstudy.com/1634,"https://blog.kakaocdn.net/dna/bEYPSA/btsJt9sZvwP/x/25학년도 9월 모평_과_생명과학2 정답,해설.pdf",,unknown,unchecked,2024-09-07,2024-09-07,2024-09-07,False
2024,3,evaluation_mock,9,1634,main,지구과학1,지구과학1,earth_science_1,provisional,FH9HC/btsJu8T6s9S,question,25학년도 9월 모평_과_지구과학1 문제.pdf,https://legendstudy.com/1634,https://blog.kakaocdn.net/dna/FH9HC/btsJu8T6s9S/x/25학년도 9월 모평_과_지구과학1 문제.pdf,,unknown,unchecked,2024-09-07,2024-09-07,2024-09-07,False
2024,3,evaluation_mock,9,1634,main,지구과학1,지구과학1,earth_science_1,provisional,bEt6wS/btsJtENLvHV,answer_explanation,"25학년도 9월 모평_과_지구과학1 정답,해설.pdf",https://legendstudy.com/1634,"https://blog.kakaocdn.net/dna/bEt6wS/btsJtENLvHV/x/25학년도 9월 모평_과_지구과학1 정답,해설.pdf",,unknown,unchecked,2024-09-07,2024-09-07,2024-09-07,False
2024,3,evaluation_mock,9,1634,main,지구과학2,지구과학2,earth_science_2,provisional,bJlbBC/btsJuRLPaMS,question,25학년도 9월 모평_과_지구과학2 문제.pdf,https://legendstudy.com/1634,https://blog.kakaocdn.net/dna/bJlbBC/btsJuRLPaMS/x/25학년도 9월 모평_과_지구과학2 문제.pdf,,unknown,unchecked,2024-09-07,2024-09-07,2024-09-07,False
2024,3,evaluation_mock,9,1634,main,지구과학2,지구과학2,earth_science_2,provisional,AyX34/btsJvtp90uE,answer_explanation,"25학년도 9월 모평_과_지구과학2 정답,해설.pdf",https://legendstudy.com/1634,"https://blog.kakaocdn.net/dna/AyX34/btsJvtp90uE/x/25학년도 9월 모평_과_지구과학2 정답,해설.pdf",,unknown,unchecked,2024-09-07,2024-09-07,2024-09-07,False
2024,3,evaluation_mock,9,1634,main,화학1,화학1,chemistry_1,provisional,bqI2C4/btsJutEKXjm,question,25학년도 9월 모평_과_화학1 문제.pdf,https://legendstudy.com/1634,https://blog.kakaocdn.net/dna/bqI2C4/btsJutEKXjm/x/25학년도 9월 모평_과_화학1 문제.pdf,,unknown,unchecked,2024-09-07,2024-09-07,2024-09-07,False
2024,3,evaluation_mock,9,1634,main,화학1,화학1,chemistry_1,provisional,Nmtrz/btsJvq1hvNe,answer_explanation,"25학년도 9월 모평_과_화학1 정답,해설.pdf",https://legendstudy.com/1634,"https://blog.kakaocdn.net/dna/Nmtrz/btsJvq1hvNe/x/25학년도 9월 모평_과_화학1 정답,해설.pdf",,unknown,unchecked,2024-09-07,2024-09-07,2024-09-07,False
2024,3,evaluation_mock,9,1634,main,화학2,화학2,chemistry_2,provisional,BvG1g/btsJvaK9DHf,question,25학년도 9월 모평_과_화학2 문제.pdf,https://legendstudy.com/1634,https://blog.kakaocdn.net/dna/BvG1g/btsJvaK9DHf/x/25학년도 9월 모평_과_화학2 문제.pdf,,unknown,unchecked,2024-09-07,2024-09-07,2024-09-07,False
2024,3,evaluation_mock,9,1634,main,화학2,화학2,chemistry_2,provisional,ztWFd/btsJt3sYUuV,answer_explanation,"25학년도 9월 모평_과_화학2 정답,해설.pdf",https://legendstudy.com/1634,"https://blog.kakaocdn.net/dna/ztWFd/btsJt3sYUuV/x/25학년도 9월 모평_과_화학2 정답,해설.pdf",,unknown,unchecked,2024-09-07,2024-09-07,2024-09-07,False
2024,3,evaluation_mock,9,1634,main,경제,경제,economics,provisional,QR0Cp/btsJuxtB7kC,question,25학년도 9월 모평_사_경제 문제.pdf,https://legendstudy.com/1634,https://blog.kakaocdn.net/dna/QR0Cp/btsJuxtB7kC/x/25학년도 9월 모평_사_경제 문제.pdf,,unknown,unchecked,2024-09-07,2024-09-07,2024-09-07,False
2024,3,evaluation_mock,9,1634,main,경제,경제,economics,provisional,bLpGJi/btsJweF3nm2,answer_explanation,"25학년도 9월 모평_사_경제 정답,해설.pdf",https://legendstudy.com/1634,"https://blog.kakaocdn.net/dna/bLpGJi/btsJweF3nm2/x/25학년도 9월 모평_사_경제 정답,해설.pdf",,unknown,unchecked,2024-09-07,2024-09-07,2024-09-07,False
2024,3,evaluation_mock,9,1634,main,동아시아사,동아시아사,east_asian_history,provisional,quHIE/btsJvdA7NMk,question,25학년도 9월 모평_사_동아시아사 문제.pdf,https://legendstudy.com/1634,https://blog.kakaocdn.net/dna/quHIE/btsJvdA7NMk/x/25학년도 9월 모평_사_동아시아사 문제.pdf,,unknown,unchecked,2024-09-07,2024-09-07,2024-09-07,False
2024,3,evaluation_mock,9,1634,main,동아시아사,동아시아사,east_asian_history,provisional,bZBz6l/btsJvfZ3XSw,answer_explanation,"25학년도 9월 모평_사_동아시아사 정답,해설.pdf",https://legendstudy.com/1634,"https://blog.kakaocdn.net/dna/bZBz6l/btsJvfZ3XSw/x/25학년도 9월 모평_사_동아시아사 정답,해설.pdf",,unknown,unchecked,2024-09-07,2024-09-07,2024-09-07,False
2024,3,evaluation_mock,9,1634,main,사회문화,사회문화,society_culture,provisional,L5aup/btsJvqNLR2D,question,25학년도 9월 모평_사_사회문화 문제.pdf,https://legendstudy.com/1634,https://blog.kakaocdn.net/dna/L5aup/btsJvqNLR2D/x/25학년도 9월 모평_사_사회문화 문제.pdf,,unknown,unchecked,2024-09-07,2024-09-07,2024-09-07,False
2024,3,evaluation_mock,9,1634,main,사회문화,사회문화,society_culture,provisional,bWEFTS/btsJuDUAPKQ,answer_explanation,"25학년도 9월 모평_사_사회문화 정답,해설.pdf",https://legendstudy.com/1634,"https://blog.kakaocdn.net/dna/bWEFTS/btsJuDUAPKQ/x/25학년도 9월 모평_사_사회문화 정답,해설.pdf",,unknown,unchecked,2024-09-07,2024-09-07,2024-09-07,False
2024,3,evaluation_mock,9,1634,main,생활과윤리,생활과윤리,life_ethics,provisional,kCvIH/btsJuHCGmxJ,question,25학년도 9월 모평_사_생활과윤리 문제.pdf,https://legendstudy.com/1634,https://blog.kakaocdn.net/dna/kCvIH/btsJuHCGmxJ/x/25학년도 9월 모평_사_생활과윤리 문제.pdf,,unknown,unchecked,2024-09-07,2024-09-07,2024-09-07,False
2024,3,evaluation_mock,9,1634,main,생활과윤리,생활과윤리,life_ethics,provisional,R4Qvk/btsJt9T4Jzb,answer_explanation,"25학년도 9월 모평_사_생활과윤리 정답,해설.pdf",https://legendstudy.com/1634,"https://blog.kakaocdn.net/dna/R4Qvk/btsJt9T4Jzb/x/25학년도 9월 모평_사_생활과윤리 정답,해설.pdf",,unknown,unchecked,2024-09-07,2024-09-07,2024-09-07,False
2024,3,evaluation_mock,9,1634,main,세계사,세계사,world_history,provisional,bbMNCE/btsJuVgtakH,question,25학년도 9월 모평_사_세계사 문제.pdf,https://legendstudy.com/1634,https://blog.kakaocdn.net/dna/bbMNCE/btsJuVgtakH/x/25학년도 9월 모평_사_세계사 문제.pdf,,unknown,unchecked,2024-09-07,2024-09-07,2024-09-07,False
2024,3,evaluation_mock,9,1634,main,세계사,세계사,world_history,provisional,687OT/btsJt1onCXX,answer_explanation,"25학년도 9월 모평_사_세계사 정답,해설.pdf",https://legendstudy.com/1634,"https://blog.kakaocdn.net/dna/687OT/btsJt1onCXX/x/25학년도 9월 모평_사_세계사 정답,해설.pdf",,unknown,unchecked,2024-09-07,2024-09-07,2024-09-07,False
2024,3,evaluation_mock,9,1634,main,세계지리,세계지리,world_geography,provisional,behOeG/btsJuFx8FDk,question,25학년도 9월 모평_사_세계지리 문제.pdf,https://legendstudy.com/1634,https://blog.kakaocdn.net/dna/behOeG/btsJuFx8FDk/x/25학년도 9월 모평_사_세계지리 문제.pdf,,unknown,unchecked,2024-09-07,2024-09-07,2024-09-07,False
2024,3,evaluation_mock,9,1634,main,세계지리,세계지리,world_geography,provisional,K3kVq/btsJvydXmf4,answer_explanation,"25학년도 9월 모평_사_세계지리 정답,해설.pdf",https://legendstudy.com/1634,"https://blog.kakaocdn.net/dna/K3kVq/btsJvydXmf4/x/25학년도 9월 모평_사_세계지리 정답,해설.pdf",,unknown,unchecked,2024-09-07,2024-09-07,2024-09-07,False
2024,3,evaluation_mock,9,1634,main,윤리와사상,윤리와사상,ethics_thought,provisional,bVq4GR/btsJv8y7pOx,question,25학년도 9월 모평_사_윤리와사상 문제.pdf,https://legendstudy.com/1634,https://blog.kakaocdn.net/dna/bVq4GR/btsJv8y7pOx/x/25학년도 9월 모평_사_윤리와사상 문제.pdf,,unknown,unchecked,2024-09-07,2024-09-07,2024-09-07,False
2024,3,evaluation_mock,9,1634,main,윤리와사상,윤리와사상,ethics_thought,provisional,L8WfW/btsJux1oQJN,answer_explanation,"25학년도 9월 모평_사_윤리와사상 정답,해설.pdf",https://legendstudy.com/1634,"https://blog.kakaocdn.net/dna/L8WfW/btsJux1oQJN/x/25학년도 9월 모평_사_윤리와사상 정답,해설.pdf",,unknown,unchecked,2024-09-07,2024-09-07,2024-09-07,False
2024,3,evaluation_mock,9,1634,main,정치와법,정치와법,politics_law,provisional,CapOb/btsJu8GBhV1,question,25학년도 9월 모평_사_정치와법 문제.pdf,https://legendstudy.com/1634,https://blog.kakaocdn.net/dna/CapOb/btsJu8GBhV1/x/25학년도 9월 모평_사_정치와법 문제.pdf,,unknown,unchecked,2024-09-07,2024-09-07,2024-09-07,False
2024,3,evaluation_mock,9,1634,main,정치와법,정치와법,politics_law,provisional,qx4wj/btsJuXrN0Fz,answer_explanation,"25학년도 9월 모평_사_정치와법 정답,해설.pdf",https://legendstudy.com/1634,"https://blog.kakaocdn.net/dna/qx4wj/btsJuXrN0Fz/x/25학년도 9월 모평_사_정치와법 정답,해설.pdf",,unknown,unchecked,2024-09-07,2024-09-07,2024-09-07,False
2024,3,evaluation_mock,9,1634,main,한국지리,한국지리,korean_geography,provisional,vQ7bf/btsJt9fnFyb,question,25학년도 9월 모평_사_한국지리 문제.pdf,https://legendstudy.com/1634,https://blog.kakaocdn.net/dna/vQ7bf/btsJt9fnFyb/x/25학년도 9월 모평_사_한국지리 문제.pdf,,unknown,unchecked,2024-09-07,2024-09-07,2024-09-07,False
2024,3,evaluation_mock,9,1634,main,한국지리,한국지리,korean_geography,provisional,bsmdtW/btsJusTjLKA,answer_explanation,"25학년도 9월 모평_사_한국지리 정답,해설.pdf",https://legendstudy.com/1634,"https://blog.kakaocdn.net/dna/bsmdtW/btsJusTjLKA/x/25학년도 9월 모평_사_한국지리 정답,해설.pdf",,unknown,unchecked,2024-09-07,2024-09-07,2024-09-07,False
2024,3,national_mock,10,1646,main,국어,국어,korean,provisional,CxoJc/btsKaQylXpx,question,2024년 10월 고3_국어 문제.pdf,https://legendstudy.com/1646,https://blog.kakaocdn.net/dna/CxoJc/btsKaQylXpx/x/2024년 10월 고3_국어 문제.pdf,,unknown,unchecked,2024-10-18,2024-10-18,2024-10-18,False
2024,3,national_mock,10,1646,main,국어,국어,korean,provisional,bic0wX/btsKa2ZDkRV,answer_explanation,"2024년 10월 고3_국어 정답,해설.pdf",https://legendstudy.com/1646,"https://blog.kakaocdn.net/dna/bic0wX/btsKa2ZDkRV/x/2024년 10월 고3_국어 정답,해설.pdf",,unknown,unchecked,2024-10-18,2024-10-18,2024-10-18,False
2024,3,national_mock,10,1646,main,수학,수학,math,provisional,cN82Z9/btsJ9vhEb1I,question,2024년 10월 고3_수학 문제.pdf,https://legendstudy.com/1646,https://blog.kakaocdn.net/dna/cN82Z9/btsJ9vhEb1I/x/2024년 10월 고3_수학 문제.pdf,,unknown,unchecked,2024-10-18,2024-10-18,2024-10-18,False
2024,3,national_mock,10,1646,main,수학,수학,math,provisional,bdPAMv/btsKaQrDfmq,answer_explanation,"2024년 10월 고3_수학 정답,해설.pdf",https://legendstudy.com/1646,"https://blog.kakaocdn.net/dna/bdPAMv/btsKaQrDfmq/x/2024년 10월 고3_수학 정답,해설.pdf",,unknown,unchecked,2024-10-18,2024-10-18,2024-10-18,False
2024,3,national_mock,10,1646,main,영어,영어,english,provisional,bm7qn2/btsJ9rfxZKU,question,2024년 10월 고3_영어 문제.pdf,https://legendstudy.com/1646,https://blog.kakaocdn.net/dna/bm7qn2/btsJ9rfxZKU/x/2024년 10월 고3_영어 문제.pdf,,unknown,unchecked,2024-10-18,2024-10-18,2024-10-18,False
2024,3,national_mock,10,1646,main,영어,영어,english,provisional,cU2lZK/btsKaeNyndS,answer_explanation,"2024년 10월 고3_영어 정답,해설.pdf",https://legendstudy.com/1646,"https://blog.kakaocdn.net/dna/cU2lZK/btsKaeNyndS/x/2024년 10월 고3_영어 정답,해설.pdf",,unknown,unchecked,2024-10-18,2024-10-18,2024-10-18,False
2024,3,national_mock,10,1646,main,한국사,한국사,korean_history,provisional,bd60h4/btsJ8UPN3TW,question,2024년 10월 고3_한국사 문제.pdf,https://legendstudy.com/1646,https://blog.kakaocdn.net/dna/bd60h4/btsJ8UPN3TW/x/2024년 10월 고3_한국사 문제.pdf,,unknown,unchecked,2024-10-18,2024-10-18,2024-10-18,False
2024,3,national_mock,10,1646,main,한국사,한국사,korean_history,provisional,Ump3m/btsJ94jSqMQ,answer_explanation,"2024년 10월 고3_한국사 정답,해설.pdf",https://legendstudy.com/1646,"https://blog.kakaocdn.net/dna/Ump3m/btsJ94jSqMQ/x/2024년 10월 고3_한국사 정답,해설.pdf",,unknown,unchecked,2024-10-18,2024-10-18,2024-10-18,False
2024,3,national_mock,10,1646,main,물리학1,물리학1,physics_1,provisional,q3quS/btsJ91tUApJ,question,2024년 10월 과탐_물리학1 문제.pdf,https://legendstudy.com/1646,https://blog.kakaocdn.net/dna/q3quS/btsJ91tUApJ/x/2024년 10월 과탐_물리학1 문제.pdf,,unknown,unchecked,2024-10-18,2024-10-18,2024-10-18,False
2024,3,national_mock,10,1646,main,물리학1,물리학1,physics_1,provisional,kQ6rT/btsJ89sEIqK,answer_explanation,"2024년 10월 과탐_물리학1 정답,해설.pdf",https://legendstudy.com/1646,"https://blog.kakaocdn.net/dna/kQ6rT/btsJ89sEIqK/x/2024년 10월 과탐_물리학1 정답,해설.pdf",,unknown,unchecked,2024-10-18,2024-10-18,2024-10-18,False
2024,3,national_mock,10,1646,main,물리학2,물리학2,physics_2,provisional,bVePtm/btsJ9M4RDME,question,2024년 10월 과탐_물리학2 문제.pdf,https://legendstudy.com/1646,https://blog.kakaocdn.net/dna/bVePtm/btsJ9M4RDME/x/2024년 10월 과탐_물리학2 문제.pdf,,unknown,unchecked,2024-10-18,2024-10-18,2024-10-18,False
2024,3,national_mock,10,1646,main,물리학2,물리학2,physics_2,provisional,QAcOX/btsKagqN0HR,answer_explanation,"2024년 10월 과탐_물리학2 정답,해설.pdf",https://legendstudy.com/1646,"https://blog.kakaocdn.net/dna/QAcOX/btsKagqN0HR/x/2024년 10월 과탐_물리학2 정답,해설.pdf",,unknown,unchecked,2024-10-18,2024-10-18,2024-10-18,False
2024,3,national_mock,10,1646,main,생명과학1,생명과학1,life_science_1,provisional,MKBYq/btsJ9v24CtR,question,2024년 10월 과탐_생명과학1 문제.pdf,https://legendstudy.com/1646,https://blog.kakaocdn.net/dna/MKBYq/btsJ9v24CtR/x/2024년 10월 과탐_생명과학1 문제.pdf,,unknown,unchecked,2024-10-18,2024-10-18,2024-10-18,False
2024,3,national_mock,10,1646,main,생명과학1,생명과학1,life_science_1,provisional,by63iN/btsJ81aitxZ,answer_explanation,"2024년 10월 과탐_생명과학1 정답,해설.pdf",https://legendstudy.com/1646,"https://blog.kakaocdn.net/dna/by63iN/btsJ81aitxZ/x/2024년 10월 과탐_생명과학1 정답,해설.pdf",,unknown,unchecked,2024-10-18,2024-10-18,2024-10-18,False
2024,3,national_mock,10,1646,main,생명과학2,생명과학2,life_science_2,provisional,O2CtN/btsJ87VQJbH,question,2024년 10월 과탐_생명과학2 문제.pdf,https://legendstudy.com/1646,https://blog.kakaocdn.net/dna/O2CtN/btsJ87VQJbH/x/2024년 10월 과탐_생명과학2 문제.pdf,,unknown,unchecked,2024-10-18,2024-10-18,2024-10-18,False
2024,3,national_mock,10,1646,main,생명과학2,생명과학2,life_science_2,provisional,KdXjU/btsKaiWq7dM,answer_explanation,"2024년 10월 과탐_생명과학2 정답,해설.pdf",https://legendstudy.com/1646,"https://blog.kakaocdn.net/dna/KdXjU/btsKaiWq7dM/x/2024년 10월 과탐_생명과학2 정답,해설.pdf",,unknown,unchecked,2024-10-18,2024-10-18,2024-10-18,False
2024,3,national_mock,10,1646,main,지구과학1,지구과학1,earth_science_1,provisional,cbA4fP/btsKaqNKnwf,question,2024년 10월 과탐_지구과학1 문제.pdf,https://legendstudy.com/1646,https://blog.kakaocdn.net/dna/cbA4fP/btsKaqNKnwf/x/2024년 10월 과탐_지구과학1 문제.pdf,,unknown,unchecked,2024-10-18,2024-10-18,2024-10-18,False
2024,3,national_mock,10,1646,main,지구과학1,지구과학1,earth_science_1,provisional,cU6cB2/btsKbigRz72,answer_explanation,"2024년 10월 과탐_지구과학1 정답,해설.pdf",https://legendstudy.com/1646,"https://blog.kakaocdn.net/dna/cU6cB2/btsKbigRz72/x/2024년 10월 과탐_지구과학1 정답,해설.pdf",,unknown,unchecked,2024-10-18,2024-10-18,2024-10-18,False
2024,3,national_mock,10,1646,main,지구과학2,지구과학2,earth_science_2,provisional,cUCVas/btsKawmApp8,question,2024년 10월 과탐_지구과학2 문제.pdf,https://legendstudy.com/1646,https://blog.kakaocdn.net/dna/cUCVas/btsKawmApp8/x/2024년 10월 과탐_지구과학2 문제.pdf,,unknown,unchecked,2024-10-18,2024-10-18,2024-10-18,False
2024,3,national_mock,10,1646,main,지구과학2,지구과학2,earth_science_2,provisional,cwEjRg/btsJ9opvESO,answer_explanation,"2024년 10월 과탐_지구과학2 정답,해설.pdf",https://legendstudy.com/1646,"https://blog.kakaocdn.net/dna/cwEjRg/btsJ9opvESO/x/2024년 10월 과탐_지구과학2 정답,해설.pdf",,unknown,unchecked,2024-10-18,2024-10-18,2024-10-18,False
2024,3,national_mock,10,1646,main,화학1,화학1,chemistry_1,provisional,bKizT2/btsKac3iwZa,question,2024년 10월 과탐_화학1 문제.pdf,https://legendstudy.com/1646,https://blog.kakaocdn.net/dna/bKizT2/btsKac3iwZa/x/2024년 10월 과탐_화학1 문제.pdf,,unknown,unchecked,2024-10-18,2024-10-18,2024-10-18,False
2024,3,national_mock,10,1646,main,화학1,화학1,chemistry_1,provisional,Mmwws/btsKbiVskH4,answer_explanation,"2024년 10월 과탐_화학1 정답,해설.pdf",https://legendstudy.com/1646,"https://blog.kakaocdn.net/dna/Mmwws/btsKbiVskH4/x/2024년 10월 과탐_화학1 정답,해설.pdf",,unknown,unchecked,2024-10-18,2024-10-18,2024-10-18,False
2024,3,national_mock,10,1646,main,화학2,화학2,chemistry_2,provisional,z2Pip/btsKbf5uVxb,question,2024년 10월 과탐_화학2 문제.pdf,https://legendstudy.com/1646,https://blog.kakaocdn.net/dna/z2Pip/btsKbf5uVxb/x/2024년 10월 과탐_화학2 문제.pdf,,unknown,unchecked,2024-10-18,2024-10-18,2024-10-18,False
2024,3,national_mock,10,1646,main,화학2,화학2,chemistry_2,provisional,FMF94/btsJ87uO9Fd,answer_explanation,"2024년 10월 과탐_화학2 정답,해설.pdf",https://legendstudy.com/1646,"https://blog.kakaocdn.net/dna/FMF94/btsJ87uO9Fd/x/2024년 10월 과탐_화학2 정답,해설.pdf",,unknown,unchecked,2024-10-18,2024-10-18,2024-10-18,False
2024,3,national_mock,10,1646,main,경제,경제,economics,provisional,byliSp/btsKbgchHpS,question,2024년 10월 사탐_경제 문제.pdf,https://legendstudy.com/1646,https://blog.kakaocdn.net/dna/byliSp/btsKbgchHpS/x/2024년 10월 사탐_경제 문제.pdf,,unknown,unchecked,2024-10-18,2024-10-18,2024-10-18,False
2024,3,national_mock,10,1646,main,경제,경제,economics,provisional,cb0ZgC/btsJ9OhjYgq,answer_explanation,"2024년 10월 사탐_경제 정답,해설.pdf",https://legendstudy.com/1646,"https://blog.kakaocdn.net/dna/cb0ZgC/btsJ9OhjYgq/x/2024년 10월 사탐_경제 정답,해설.pdf",,unknown,unchecked,2024-10-18,2024-10-18,2024-10-18,False
2024,3,national_mock,10,1646,main,동아시아사,동아시아사,east_asian_history,provisional,ncu7o/btsJ9mSRZwi,question,2024년 10월 사탐_동아시아사 문제.pdf,https://legendstudy.com/1646,https://blog.kakaocdn.net/dna/ncu7o/btsJ9mSRZwi/x/2024년 10월 사탐_동아시아사 문제.pdf,,unknown,unchecked,2024-10-18,2024-10-18,2024-10-18,False
2024,3,national_mock,10,1646,main,동아시아사,동아시아사,east_asian_history,provisional,YFmXN/btsKa6VhYgF,answer_explanation,"2024년 10월 사탐_동아시아사 정답,해설.pdf",https://legendstudy.com/1646,"https://blog.kakaocdn.net/dna/YFmXN/btsKa6VhYgF/x/2024년 10월 사탐_동아시아사 정답,해설.pdf",,unknown,unchecked,2024-10-18,2024-10-18,2024-10-18,False
2024,3,national_mock,10,1646,main,사회문화,사회문화,society_culture,provisional,7aEK8/btsKa1sSaH4,answer_explanation,"2024년 10월 사탐_사회문화 정답,해설.pdf",https://legendstudy.com/1646,"https://blog.kakaocdn.net/dna/7aEK8/btsKa1sSaH4/x/2024년 10월 사탐_사회문화 정답,해설.pdf",,unknown,unchecked,2024-10-18,2024-10-18,2024-10-18,False
2024,3,national_mock,10,1646,main,,,,NULL_UNSCOPED_REVIEW,CjUv0/btsKajnvhDE,question,2024년 10월 사탐_사회문화1 문제.pdf,https://legendstudy.com/1646,https://blog.kakaocdn.net/dna/CjUv0/btsKajnvhDE/x/2024년 10월 사탐_사회문화1 문제.pdf,,unknown,unchecked,2024-10-18,2024-10-18,2024-10-18,False
2024,3,national_mock,10,1646,main,생활과윤리,생활과윤리,life_ethics,provisional,wipxg/btsJ9mrcOVG,question,2024년 10월 사탐_생활과윤리 문제.pdf,https://legendstudy.com/1646,https://blog.kakaocdn.net/dna/wipxg/btsJ9mrcOVG/x/2024년 10월 사탐_생활과윤리 문제.pdf,,unknown,unchecked,2024-10-18,2024-10-18,2024-10-18,False
2024,3,national_mock,10,1646,main,생활과윤리,생활과윤리,life_ethics,provisional,quxME/btsJ9M4RJnC,answer_explanation,"2024년 10월 사탐_생활과윤리 정답,해설.pdf",https://legendstudy.com/1646,"https://blog.kakaocdn.net/dna/quxME/btsJ9M4RJnC/x/2024년 10월 사탐_생활과윤리 정답,해설.pdf",,unknown,unchecked,2024-10-18,2024-10-18,2024-10-18,False
2024,3,national_mock,10,1646,main,세계사,세계사,world_history,provisional,36Wdg/btsKaMisglQ,question,2024년 10월 사탐_세계사 문제.pdf,https://legendstudy.com/1646,https://blog.kakaocdn.net/dna/36Wdg/btsKaMisglQ/x/2024년 10월 사탐_세계사 문제.pdf,,unknown,unchecked,2024-10-18,2024-10-18,2024-10-18,False
2024,3,national_mock,10,1646,main,세계사,세계사,world_history,provisional,UmQKx/btsKaxeLQSu,answer_explanation,"2024년 10월 사탐_세계사 정답,해설.pdf",https://legendstudy.com/1646,"https://blog.kakaocdn.net/dna/UmQKx/btsKaxeLQSu/x/2024년 10월 사탐_세계사 정답,해설.pdf",,unknown,unchecked,2024-10-18,2024-10-18,2024-10-18,False
2024,3,national_mock,10,1646,main,세계지리,세계지리,world_geography,provisional,AAcQR/btsKbfj7LYR,question,2024년 10월 사탐_세계지리 문제.pdf,https://legendstudy.com/1646,https://blog.kakaocdn.net/dna/AAcQR/btsKbfj7LYR/x/2024년 10월 사탐_세계지리 문제.pdf,,unknown,unchecked,2024-10-18,2024-10-18,2024-10-18,False
2024,3,national_mock,10,1646,main,세계지리,세계지리,world_geography,provisional,pABFX/btsJ90BK8xd,answer_explanation,"2024년 10월 사탐_세계지리 정답,해설.pdf",https://legendstudy.com/1646,"https://blog.kakaocdn.net/dna/pABFX/btsJ90BK8xd/x/2024년 10월 사탐_세계지리 정답,해설.pdf",,unknown,unchecked,2024-10-18,2024-10-18,2024-10-18,False
2024,3,national_mock,10,1646,main,윤리와사상,윤리와사상,ethics_thought,provisional,bwUeYM/btsKazp7aIL,question,2024년 10월 사탐_윤리와사상 문제.pdf,https://legendstudy.com/1646,https://blog.kakaocdn.net/dna/bwUeYM/btsKazp7aIL/x/2024년 10월 사탐_윤리와사상 문제.pdf,,unknown,unchecked,2024-10-18,2024-10-18,2024-10-18,False
2024,3,national_mock,10,1646,main,윤리와사상,윤리와사상,ethics_thought,provisional,NYlmo/btsKaKEVL62,answer_explanation,"2024년 10월 사탐_윤리와사상 정답,해설.pdf",https://legendstudy.com/1646,"https://blog.kakaocdn.net/dna/NYlmo/btsKaKEVL62/x/2024년 10월 사탐_윤리와사상 정답,해설.pdf",,unknown,unchecked,2024-10-18,2024-10-18,2024-10-18,False
2024,3,national_mock,10,1646,main,정치와법,정치와법,politics_law,provisional,bdfOmd/btsJ9Mqdbx5,question,2024년 10월 사탐_정치와법 문제.pdf,https://legendstudy.com/1646,https://blog.kakaocdn.net/dna/bdfOmd/btsJ9Mqdbx5/x/2024년 10월 사탐_정치와법 문제.pdf,,unknown,unchecked,2024-10-18,2024-10-18,2024-10-18,False
2024,3,national_mock,10,1646,main,정치와법,정치와법,politics_law,provisional,bhmv6H/btsJ9OuMyvF,answer_explanation,"2024년 10월 사탐_정치와법 정답,해설.pdf",https://legendstudy.com/1646,"https://blog.kakaocdn.net/dna/bhmv6H/btsJ9OuMyvF/x/2024년 10월 사탐_정치와법 정답,해설.pdf",,unknown,unchecked,2024-10-18,2024-10-18,2024-10-18,False
2024,3,national_mock,10,1646,main,한국지리,한국지리,korean_geography,provisional,bT0hiz/btsJ8V81Grk,question,2024년 10월 사탐_한국지리 문제.pdf,https://legendstudy.com/1646,https://blog.kakaocdn.net/dna/bT0hiz/btsJ8V81Grk/x/2024년 10월 사탐_한국지리 문제.pdf,,unknown,unchecked,2024-10-18,2024-10-18,2024-10-18,False
2024,3,national_mock,10,1646,main,한국지리,한국지리,korean_geography,provisional,EJvqB/btsJ9owlIiP,answer_explanation,"2024년 10월 사탐_한국지리 정답,해설.pdf",https://legendstudy.com/1646,"https://blog.kakaocdn.net/dna/EJvqB/btsJ9owlIiP/x/2024년 10월 사탐_한국지리 정답,해설.pdf",,unknown,unchecked,2024-10-18,2024-10-18,2024-10-18,False
2024,3,csat,11,1649,main,국어(언매),국어(언매),korean,provisional,bh29HU/btsKMOlWUeA,question,2025학년도 수능_국어(언매) 문제.pdf,https://legendstudy.com/1649,https://blog.kakaocdn.net/dna/bh29HU/btsKMOlWUeA/x/2025학년도 수능_국어(언매) 문제.pdf,,unknown,unchecked,2024-11-16,2024-11-16,2024-11-16,False
2024,3,csat,11,1649,main,국어(언매),국어(언매),korean,provisional,bzjtLB/btsKMNAzruz,answer_explanation,"2025학년도 수능_국어(언매) 정답,해설.pdf",https://legendstudy.com/1649,"https://blog.kakaocdn.net/dna/bzjtLB/btsKMNAzruz/x/2025학년도 수능_국어(언매) 정답,해설.pdf",,unknown,unchecked,2024-11-16,2024-11-16,2024-11-16,False
2024,3,csat,11,1649,main,국어(화작),국어(화작),korean,provisional,9DPjM/btsKLezqrq4,question,2025학년도 수능_국어(화작) 문제.pdf,https://legendstudy.com/1649,https://blog.kakaocdn.net/dna/9DPjM/btsKLezqrq4/x/2025학년도 수능_국어(화작) 문제.pdf,,unknown,unchecked,2024-11-16,2024-11-16,2024-11-16,False
2024,3,csat,11,1649,main,국어(화작),국어(화작),korean,provisional,bk6pNu/btsKMbWv9pc,answer_explanation,"2025학년도 수능_국어(화작) 정답,해설.pdf",https://legendstudy.com/1649,"https://blog.kakaocdn.net/dna/bk6pNu/btsKMbWv9pc/x/2025학년도 수능_국어(화작) 정답,해설.pdf",,unknown,unchecked,2024-11-16,2024-11-16,2024-11-16,False
2024,3,csat,11,1649,main,수학(기하),수학(기하),math,provisional,SQBK4/btsKL8ZLKZo,question,2025학년도 수능_수학(기하) 문제.pdf,https://legendstudy.com/1649,https://blog.kakaocdn.net/dna/SQBK4/btsKL8ZLKZo/x/2025학년도 수능_수학(기하) 문제.pdf,,unknown,unchecked,2024-11-16,2024-11-16,2024-11-16,False
2024,3,csat,11,1649,main,수학(기하),수학(기하),math,provisional,HTFE1/btsKLwNnzSr,answer_explanation,"2025학년도 수능_수학(기하) 정답,해설.pdf",https://legendstudy.com/1649,"https://blog.kakaocdn.net/dna/HTFE1/btsKLwNnzSr/x/2025학년도 수능_수학(기하) 정답,해설.pdf",,unknown,unchecked,2024-11-16,2024-11-16,2024-11-16,False
2024,3,csat,11,1649,main,수학(미적),수학(미적),math,provisional,I8IGi/btsKMogN720,question,2025학년도 수능_수학(미적) 문제.pdf,https://legendstudy.com/1649,https://blog.kakaocdn.net/dna/I8IGi/btsKMogN720/x/2025학년도 수능_수학(미적) 문제.pdf,,unknown,unchecked,2024-11-16,2024-11-16,2024-11-16,False
2024,3,csat,11,1649,main,,,,NULL_UNSCOPED_REVIEW,k5ifh/btsKLgjH8o5,answer_explanation,"2025학년도 수능_수학(미정) 정답,해설.pdf",https://legendstudy.com/1649,"https://blog.kakaocdn.net/dna/k5ifh/btsKLgjH8o5/x/2025학년도 수능_수학(미정) 정답,해설.pdf",,unknown,unchecked,2024-11-16,2024-11-16,2024-11-16,False
2024,3,csat,11,1649,main,수학(확통),수학(확통),math,provisional,UTlai/btsKLbpjLnc,question,2025학년도 수능_수학(확통) 문제.pdf,https://legendstudy.com/1649,https://blog.kakaocdn.net/dna/UTlai/btsKLbpjLnc/x/2025학년도 수능_수학(확통) 문제.pdf,,unknown,unchecked,2024-11-16,2024-11-16,2024-11-16,False
2024,3,csat,11,1649,main,수학(확통),수학(확통),math,provisional,qjyx0/btsKKFYApem,answer_explanation,"2025학년도 수능_수학(확통) 정답,해설.pdf",https://legendstudy.com/1649,"https://blog.kakaocdn.net/dna/qjyx0/btsKKFYApem/x/2025학년도 수능_수학(확통) 정답,해설.pdf",,unknown,unchecked,2024-11-16,2024-11-16,2024-11-16,False
2024,3,csat,11,1649,main,영어,영어,english,provisional,c6bbYO/btsKMi8TtcV,question,2025학년도 수능_영어 문제.pdf,https://legendstudy.com/1649,https://blog.kakaocdn.net/dna/c6bbYO/btsKMi8TtcV/x/2025학년도 수능_영어 문제.pdf,,unknown,unchecked,2024-11-16,2024-11-16,2024-11-16,False
2024,3,csat,11,1649,main,영어,영어,english,provisional,bz8ltN/btsKLp1TVcH,listening_script,2025학년도 수능_영어 듣기대본.pdf,https://legendstudy.com/1649,https://blog.kakaocdn.net/dna/bz8ltN/btsKLp1TVcH/x/2025학년도 수능_영어 듣기대본.pdf,,unknown,unchecked,2024-11-16,2024-11-16,2024-11-16,False
2024,3,csat,11,1649,main,영어,영어,english,provisional,AXcKJ/btsKKNPLDwx,answer_explanation,"2025학년도 수능_영어 정답,해설.pdf",https://legendstudy.com/1649,"https://blog.kakaocdn.net/dna/AXcKJ/btsKKNPLDwx/x/2025학년도 수능_영어 정답,해설.pdf",,unknown,unchecked,2024-11-16,2024-11-16,2024-11-16,False
2024,3,csat,11,1649,main,한국사,한국사,korean_history,provisional,cuD7pi/btsKKx0LYDw,question,2025학년도 수능_한국사 문제.pdf,https://legendstudy.com/1649,https://blog.kakaocdn.net/dna/cuD7pi/btsKKx0LYDw/x/2025학년도 수능_한국사 문제.pdf,,unknown,unchecked,2024-11-16,2024-11-16,2024-11-16,False
2024,3,csat,11,1649,main,한국사,한국사,korean_history,provisional,bhxH0R/btsKMG2BOEn,answer_explanation,"2025학년도 수능_한국사 정답,해설.pdf",https://legendstudy.com/1649,"https://blog.kakaocdn.net/dna/bhxH0R/btsKMG2BOEn/x/2025학년도 수능_한국사 정답,해설.pdf",,unknown,unchecked,2024-11-16,2024-11-16,2024-11-16,False
2024,3,csat,11,1649,main,물리학1,물리학1,physics_1,provisional,BZ3ov/btsKMM2LcR4,question,2025학년도 수능_t 물리학1 문제.pdf,https://legendstudy.com/1649,https://blog.kakaocdn.net/dna/BZ3ov/btsKMM2LcR4/x/2025학년도 수능_t 물리학1 문제.pdf,,unknown,unchecked,2024-11-16,2024-11-16,2024-11-16,False
2024,3,csat,11,1649,main,물리학1,물리학1,physics_1,provisional,cDpWpR/btsKL2FnDIT,answer_explanation,"2025학년도 수능_t 물리학1 정답,해설.pdf",https://legendstudy.com/1649,"https://blog.kakaocdn.net/dna/cDpWpR/btsKL2FnDIT/x/2025학년도 수능_t 물리학1 정답,해설.pdf",,unknown,unchecked,2024-11-16,2024-11-16,2024-11-16,False
2024,3,csat,11,1649,main,물리학2,물리학2,physics_2,provisional,RbAht/btsKMMn8fSP,question,2025학년도 수능_t 물리학2 문제.pdf,https://legendstudy.com/1649,https://blog.kakaocdn.net/dna/RbAht/btsKMMn8fSP/x/2025학년도 수능_t 물리학2 문제.pdf,,unknown,unchecked,2024-11-16,2024-11-16,2024-11-16,False
2024,3,csat,11,1649,main,물리학2,물리학2,physics_2,provisional,siqQi/btsKLxMhimA,answer_explanation,"2025학년도 수능_t 물리학2 정답,해설.pdf",https://legendstudy.com/1649,"https://blog.kakaocdn.net/dna/siqQi/btsKLxMhimA/x/2025학년도 수능_t 물리학2 정답,해설.pdf",,unknown,unchecked,2024-11-16,2024-11-16,2024-11-16,False
2024,3,csat,11,1649,main,생명과학1,생명과학1,life_science_1,provisional,0nAwu/btsKMhozyCW,question,2025학년도 수능_t 생명과학1 문제.pdf,https://legendstudy.com/1649,https://blog.kakaocdn.net/dna/0nAwu/btsKMhozyCW/x/2025학년도 수능_t 생명과학1 문제.pdf,,unknown,unchecked,2024-11-16,2024-11-16,2024-11-16,False
2024,3,csat,11,1649,main,생명과학1,생명과학1,life_science_1,provisional,cWACzi/btsKLu9NMuY,answer_explanation,"2025학년도 수능_t 생명과학1 정답,해설.pdf",https://legendstudy.com/1649,"https://blog.kakaocdn.net/dna/cWACzi/btsKLu9NMuY/x/2025학년도 수능_t 생명과학1 정답,해설.pdf",,unknown,unchecked,2024-11-16,2024-11-16,2024-11-16,False
2024,3,csat,11,1649,main,생명과학2,생명과학2,life_science_2,provisional,mgWya/btsKKxsS3LE,question,2025학년도 수능_t 생명과학2 문제.pdf,https://legendstudy.com/1649,https://blog.kakaocdn.net/dna/mgWya/btsKKxsS3LE/x/2025학년도 수능_t 생명과학2 문제.pdf,,unknown,unchecked,2024-11-16,2024-11-16,2024-11-16,False
2024,3,csat,11,1649,main,생명과학2,생명과학2,life_science_2,provisional,sg0XY/btsKLjm8132,answer_explanation,"2025학년도 수능_t 생명과학2 정답,해설.pdf",https://legendstudy.com/1649,"https://blog.kakaocdn.net/dna/sg0XY/btsKLjm8132/x/2025학년도 수능_t 생명과학2 정답,해설.pdf",,unknown,unchecked,2024-11-16,2024-11-16,2024-11-16,False
2024,3,csat,11,1649,main,지구과학1,지구과학1,earth_science_1,provisional,b0ohhx/btsKMNAzvqb,question,2025학년도 수능_t 지구과학1 문제.pdf,https://legendstudy.com/1649,https://blog.kakaocdn.net/dna/b0ohhx/btsKMNAzvqb/x/2025학년도 수능_t 지구과학1 문제.pdf,,unknown,unchecked,2024-11-16,2024-11-16,2024-11-16,False
2024,3,csat,11,1649,main,지구과학1,지구과학1,earth_science_1,provisional,QUaNX/btsKMEqj8nv,answer_explanation,"2025학년도 수능_t 지구과학1 정답,해설.pdf",https://legendstudy.com/1649,"https://blog.kakaocdn.net/dna/QUaNX/btsKMEqj8nv/x/2025학년도 수능_t 지구과학1 정답,해설.pdf",,unknown,unchecked,2024-11-16,2024-11-16,2024-11-16,False
2024,3,csat,11,1649,main,지구과학2,지구과학2,earth_science_2,provisional,JFIK7/btsKLy5t0pK,question,2025학년도 수능_t 지구과학2 문제.pdf,https://legendstudy.com/1649,https://blog.kakaocdn.net/dna/JFIK7/btsKLy5t0pK/x/2025학년도 수능_t 지구과학2 문제.pdf,,unknown,unchecked,2024-11-16,2024-11-16,2024-11-16,False
2024,3,csat,11,1649,main,지구과학2,지구과학2,earth_science_2,provisional,c6OuMJ/btsKMIlOzqy,answer_explanation,"2025학년도 수능_t 지구과학2 정답,해설.pdf",https://legendstudy.com/1649,"https://blog.kakaocdn.net/dna/c6OuMJ/btsKMIlOzqy/x/2025학년도 수능_t 지구과학2 정답,해설.pdf",,unknown,unchecked,2024-11-16,2024-11-16,2024-11-16,False
2024,3,csat,11,1649,main,화학1,화학1,chemistry_1,provisional,MOzf9/btsKMNAzwlH,question,2025학년도 수능_t 화학1 문제.pdf,https://legendstudy.com/1649,https://blog.kakaocdn.net/dna/MOzf9/btsKMNAzwlH/x/2025학년도 수능_t 화학1 문제.pdf,,unknown,unchecked,2024-11-16,2024-11-16,2024-11-16,False
2024,3,csat,11,1649,main,화학1,화학1,chemistry_1,provisional,lg7ca/btsKL0gqTQ4,answer_explanation,"2025학년도 수능_t 화학1 정답,해설.pdf",https://legendstudy.com/1649,"https://blog.kakaocdn.net/dna/lg7ca/btsKL0gqTQ4/x/2025학년도 수능_t 화학1 정답,해설.pdf",,unknown,unchecked,2024-11-16,2024-11-16,2024-11-16,False
2024,3,csat,11,1649,main,화학2,화학2,chemistry_2,provisional,bkTFWX/btsKLeTLCl7,question,2025학년도 수능_t 화학2 문제.pdf,https://legendstudy.com/1649,https://blog.kakaocdn.net/dna/bkTFWX/btsKLeTLCl7/x/2025학년도 수능_t 화학2 문제.pdf,,unknown,unchecked,2024-11-16,2024-11-16,2024-11-16,False
2024,3,csat,11,1649,main,화학2,화학2,chemistry_2,provisional,8EQez/btsKLwmgH8X,answer_explanation,"2025학년도 수능_t 화학2 정답,해설.pdf",https://legendstudy.com/1649,"https://blog.kakaocdn.net/dna/8EQez/btsKLwmgH8X/x/2025학년도 수능_t 화학2 정답,해설.pdf",,unknown,unchecked,2024-11-16,2024-11-16,2024-11-16,False
2024,3,csat,11,1649,main,경제,경제,economics,provisional,5GeJV/btsKLZPpgsw,question,2025학년도 수능_s 경제 문제.pdf,https://legendstudy.com/1649,https://blog.kakaocdn.net/dna/5GeJV/btsKLZPpgsw/x/2025학년도 수능_s 경제 문제.pdf,,unknown,unchecked,2024-11-16,2024-11-16,2024-11-16,False
2024,3,csat,11,1649,main,경제,경제,economics,provisional,JZMOp/btsKKpoaKxB,answer_explanation,"2025학년도 수능_s 경제 정답,해설.pdf",https://legendstudy.com/1649,"https://blog.kakaocdn.net/dna/JZMOp/btsKKpoaKxB/x/2025학년도 수능_s 경제 정답,해설.pdf",,unknown,unchecked,2024-11-16,2024-11-16,2024-11-16,False
2024,3,csat,11,1649,main,동아시아사,동아시아사,east_asian_history,provisional,Olm5y/btsKMDroL7H,question,2025학년도 수능_s 동아시아사 문제.pdf,https://legendstudy.com/1649,https://blog.kakaocdn.net/dna/Olm5y/btsKMDroL7H/x/2025학년도 수능_s 동아시아사 문제.pdf,,unknown,unchecked,2024-11-16,2024-11-16,2024-11-16,False
2024,3,csat,11,1649,main,동아시아사,동아시아사,east_asian_history,provisional,ccfzYJ/btsKLs5pS7T,answer_explanation,"2025학년도 수능_s 동아시아사 정답,해설.pdf",https://legendstudy.com/1649,"https://blog.kakaocdn.net/dna/ccfzYJ/btsKLs5pS7T/x/2025학년도 수능_s 동아시아사 정답,해설.pdf",,unknown,unchecked,2024-11-16,2024-11-16,2024-11-16,False
2024,3,csat,11,1649,main,사회문화,사회문화,society_culture,provisional,cm9w74/btsKL9j4KHu,question,2025학년도 수능_s 사회문화 문제.pdf,https://legendstudy.com/1649,https://blog.kakaocdn.net/dna/cm9w74/btsKL9j4KHu/x/2025학년도 수능_s 사회문화 문제.pdf,,unknown,unchecked,2024-11-16,2024-11-16,2024-11-16,False
2024,3,csat,11,1649,main,사회문화,사회문화,society_culture,provisional,OUyae/btsKK4jxQjY,answer_explanation,"2025학년도 수능_s 사회문화 정답,해설.pdf",https://legendstudy.com/1649,"https://blog.kakaocdn.net/dna/OUyae/btsKK4jxQjY/x/2025학년도 수능_s 사회문화 정답,해설.pdf",,unknown,unchecked,2024-11-16,2024-11-16,2024-11-16,False
2024,3,csat,11,1649,main,생활과윤리,생활과윤리,life_ethics,provisional,bnrOEh/btsKKGpHXsj,question,2025학년도 수능_s 생활과윤리 문제.pdf,https://legendstudy.com/1649,https://blog.kakaocdn.net/dna/bnrOEh/btsKKGpHXsj/x/2025학년도 수능_s 생활과윤리 문제.pdf,,unknown,unchecked,2024-11-16,2024-11-16,2024-11-16,False
2024,3,csat,11,1649,main,생활과윤리,생활과윤리,life_ethics,provisional,bWLqzo/btsKMonz0fO,answer_explanation,"2025학년도 수능_s 생활과윤리 정답,해설.pdf",https://legendstudy.com/1649,"https://blog.kakaocdn.net/dna/bWLqzo/btsKMonz0fO/x/2025학년도 수능_s 생활과윤리 정답,해설.pdf",,unknown,unchecked,2024-11-16,2024-11-16,2024-11-16,False
2024,3,csat,11,1649,main,세계사,세계사,world_history,provisional,cqiSxD/btsKLpgu8lF,question,2025학년도 수능_s 세계사 문제.pdf,https://legendstudy.com/1649,https://blog.kakaocdn.net/dna/cqiSxD/btsKLpgu8lF/x/2025학년도 수능_s 세계사 문제.pdf,,unknown,unchecked,2024-11-16,2024-11-16,2024-11-16,False
2024,3,csat,11,1649,main,세계사,세계사,world_history,provisional,DPuiP/btsKKNbcBPZ,answer_explanation,"2025학년도 수능_s 세계사 정답,해설.pdf",https://legendstudy.com/1649,"https://blog.kakaocdn.net/dna/DPuiP/btsKKNbcBPZ/x/2025학년도 수능_s 세계사 정답,해설.pdf",,unknown,unchecked,2024-11-16,2024-11-16,2024-11-16,False
2024,3,csat,11,1649,main,세계지리,세계지리,world_geography,provisional,bTEWnL/btsKKwnaUyn,question,2025학년도 수능_s 세계지리 문제.pdf,https://legendstudy.com/1649,https://blog.kakaocdn.net/dna/bTEWnL/btsKKwnaUyn/x/2025학년도 수능_s 세계지리 문제.pdf,,unknown,unchecked,2024-11-16,2024-11-16,2024-11-16,False
2024,3,csat,11,1649,main,세계지리,세계지리,world_geography,provisional,XHjRK/btsKKFdbRVd,answer_explanation,"2025학년도 수능_s 세계지리 정답,해설.pdf",https://legendstudy.com/1649,"https://blog.kakaocdn.net/dna/XHjRK/btsKKFdbRVd/x/2025학년도 수능_s 세계지리 정답,해설.pdf",,unknown,unchecked,2024-11-16,2024-11-16,2024-11-16,False
2024,3,csat,11,1649,main,윤리와사상,윤리와사상,ethics_thought,provisional,ehIe1V/btsKL4wlm9d,question,2025학년도 수능_s 윤리와사상 문제.pdf,https://legendstudy.com/1649,https://blog.kakaocdn.net/dna/ehIe1V/btsKL4wlm9d/x/2025학년도 수능_s 윤리와사상 문제.pdf,,unknown,unchecked,2024-11-16,2024-11-16,2024-11-16,False
2024,3,csat,11,1649,main,윤리와사상,윤리와사상,ethics_thought,provisional,c1jr2m/btsKKqACLxL,answer_explanation,"2025학년도 수능_s 윤리와사상 정답,해설.pdf",https://legendstudy.com/1649,"https://blog.kakaocdn.net/dna/c1jr2m/btsKKqACLxL/x/2025학년도 수능_s 윤리와사상 정답,해설.pdf",,unknown,unchecked,2024-11-16,2024-11-16,2024-11-16,False
2024,3,csat,11,1649,main,정치와법,정치와법,politics_law,provisional,dMZfEK/btsKMc10oCy,question,2025학년도 수능_s 정치와법 문제.pdf,https://legendstudy.com/1649,https://blog.kakaocdn.net/dna/dMZfEK/btsKMc10oCy/x/2025학년도 수능_s 정치와법 문제.pdf,,unknown,unchecked,2024-11-16,2024-11-16,2024-11-16,False
2024,3,csat,11,1649,main,정치와법,정치와법,politics_law,provisional,UdKPd/btsKK3LIDVP,answer_explanation,"2025학년도 수능_s 정치와법 정답,해설.pdf",https://legendstudy.com/1649,"https://blog.kakaocdn.net/dna/UdKPd/btsKK3LIDVP/x/2025학년도 수능_s 정치와법 정답,해설.pdf",,unknown,unchecked,2024-11-16,2024-11-16,2024-11-16,False
2024,3,csat,11,1649,main,한국지리,한국지리,korean_geography,provisional,K5Oui/btsKLws3Ydg,question,2025학년도 수능_s 한국지리 문제.pdf,https://legendstudy.com/1649,https://blog.kakaocdn.net/dna/K5Oui/btsKLws3Ydg/x/2025학년도 수능_s 한국지리 문제.pdf,,unknown,unchecked,2024-11-16,2024-11-16,2024-11-16,False
2024,3,csat,11,1649,main,한국지리,한국지리,korean_geography,provisional,bWjRiA/btsKKHa4ab2,answer_explanation,"2025학년도 수능_s 한국지리 정답,해설.pdf",https://legendstudy.com/1649,"https://blog.kakaocdn.net/dna/bWjRiA/btsKKHa4ab2/x/2025학년도 수능_s 한국지리 정답,해설.pdf",,unknown,unchecked,2024-11-16,2024-11-16,2024-11-16,False
